customer_id,age,income,region,travel_frequency,annual_travel_spend,average_trip_spend,preferred_trip_type,adventure_intensity,wellness_interest,sustainability_importance,cultural_interest,luxury_preference,solo_travel_preference,group_travel_preference,price_sensitivity,social_media_influence,planning_preference,personalization_interest,community_interest,brand_loyalty,booking_frequency,avg_booking_value,nps,repeat_probability,repeat_booking,engagement_score,referrals_made,wtp_premium_pct,acquisition_channel,cac,estimated_clv,segment
RW-00001,48,151000,West Coast,4,6960,1740,Hiking & trekking,7,4,7,5,4,7,4,5,4,5,9,7,6,0.3,1600,9,0.455,0,7,2,0.0,Organic search,96,268,Purposeful Explorers
RW-00002,43,53000,Mountain West,3,3120,1040,Camping,10,1,7,5,2,7,2,6,2,6,3,7,2,0.5,710,5,0.024,0,5,0,11.6,Marketplace/OTA,314,113,Adventure Purists
RW-00003,26,119000,South,3,7530,2510,National parks,8,7,10,8,1,6,6,6,6,7,6,9,6,1.3,1440,10,0.681,0,8,1,1.1,Travel advisor,182,1554,Purposeful Explorers
RW-00004,36,56000,Mountain West,1,1350,1350,Camping,6,5,4,5,3,2,7,7,8,8,6,8,3,0.9,990,7,0.119,0,5,1,7.2,Paid social,339,314,Budget Social Travelers
RW-00005,53,121000,Northeast,6,36900,6150,International adventure,6,7,4,10,8,6,4,1,7,7,7,4,4,1.9,4540,8,0.168,0,4,2,15.6,Organic search,99,3214,Experience Collectors
RW-00006,25,57000,West Coast,2,1400,700,Camping,2,7,6,5,4,5,4,10,8,5,5,5,2,0.3,700,4,0.01,0,4,0,0.0,Creator partnership,303,66,Budget Social Travelers
RW-00007,30,67000,West Coast,2,4540,2270,National parks,3,8,10,8,4,5,5,9,7,4,8,8,7,1.8,2240,9,0.53,1,8,1,11.5,Referral,53,2548,Purposeful Explorers
RW-00008,29,205000,Midwest,5,10800,2160,Outdoor photography,6,4,7,7,5,6,8,6,7,7,7,7,8,1.5,2000,10,0.707,0,8,1,7.7,Referral,54,2613,Purposeful Explorers
RW-00009,37,126000,West Coast,7,45780,6540,Cultural immersion,6,2,6,10,9,5,1,2,6,7,6,4,5,1.2,4140,7,0.107,0,5,1,17.4,Creator partnership,282,1725,Experience Collectors
RW-00010,51,82000,Northeast,3,4350,1450,Backpacking,10,4,7,6,1,10,3,7,6,5,3,5,4,0.8,930,9,0.314,0,3,0,0.6,Paid social,504,335,Adventure Purists
RW-00011,47,133000,West Coast,3,10740,3580,Hiking & trekking,8,8,5,8,3,6,7,2,7,8,7,6,7,1.5,2800,10,0.641,1,9,2,23.2,Travel advisor,182,3235,Restorative Adventurers
RW-00012,38,88000,Northeast,1,1870,1870,National parks,3,6,5,5,6,4,6,6,5,5,6,3,3,0.5,1310,7,0.069,0,3,1,12.4,Marketplace/OTA,361,218,Budget Social Travelers
RW-00013,28,82000,Mountain West,4,8280,2070,National parks,4,5,3,8,4,2,9,8,7,5,5,8,3,0.5,1700,10,0.525,0,10,0,11.2,Paid search,291,533,Budget Social Travelers
RW-00014,21,137000,South,3,9930,3310,Outdoor photography,5,6,9,8,4,6,6,5,5,4,8,9,7,1.1,2360,7,0.239,0,6,1,10.1,Marketplace/OTA,281,1056,Purposeful Explorers
RW-00015,37,90000,West Coast,4,8720,2180,Camping,10,6,6,4,3,7,3,8,6,2,6,7,5,0.7,1740,8,0.257,0,7,2,0.0,Paid search,271,508,Adventure Purists
RW-00016,42,142000,Mountain West,1,6170,6170,Wellness retreat,4,6,5,7,10,5,6,3,7,9,8,8,8,1.4,4900,10,0.731,1,10,0,24.0,Referral,72,6256,Restorative Adventurers
RW-00017,29,42000,West Coast,5,3200,640,Hiking & trekking,8,2,1,7,1,3,8,10,9,7,5,8,5,0.9,700,10,0.613,1,10,2,0.0,Paid social,454,461,Adventure Purists
RW-00018,36,143000,South,4,9840,2460,Wellness retreat,5,5,6,10,7,3,5,1,10,4,7,6,5,0.8,1850,8,0.235,0,7,0,12.0,Creator partnership,232,599,Experience Collectors
RW-00019,36,88000,West Coast,4,7440,1860,Hiking & trekking,7,6,10,8,5,5,7,7,3,3,6,8,6,1.1,1450,9,0.485,0,7,0,9.9,Organic search,91,934,Purposeful Explorers
RW-00020,33,75000,Mountain West,5,6600,1320,Surf,5,5,4,4,4,1,9,7,8,8,6,8,2,1.3,1010,5,0.027,0,4,0,2.6,Referral,74,418,Budget Social Travelers
RW-00021,46,73000,Midwest,4,9440,2360,National parks,7,6,9,8,5,5,6,6,3,9,7,10,6,1.0,2000,8,0.373,0,6,1,6.9,Travel advisor,251,981,Purposeful Explorers
RW-00022,56,182000,Northeast,1,4150,4150,Hiking & trekking,8,10,7,3,4,3,6,4,5,6,6,6,3,1.6,3220,10,0.465,0,4,1,20.8,Organic search,69,2921,Restorative Adventurers
RW-00023,46,97000,Midwest,1,2340,2340,Camping,4,4,5,5,4,4,6,6,8,9,3,5,4,0.3,1590,8,0.185,0,5,0,0.0,Email/CRM,40,181,Budget Social Travelers
RW-00024,35,142000,West Coast,7,20020,2860,Hiking & trekking,6,8,10,8,3,4,8,4,4,6,5,8,8,1.5,1940,4,0.039,0,5,0,7.4,Paid social,276,939,Purposeful Explorers
RW-00025,25,76000,Midwest,2,3800,1900,National parks,5,7,8,8,4,3,4,5,7,6,6,9,9,1.2,1600,7,0.31,0,6,0,14.0,Paid search,398,860,Purposeful Explorers
RW-00026,48,167000,Northeast,3,15360,5120,International adventure,5,3,5,10,7,3,4,2,7,6,8,4,4,0.9,5030,5,0.024,0,4,0,10.5,Organic search,133,1438,Experience Collectors
RW-00027,47,94000,Mountain West,2,3620,1810,Backpacking,10,6,2,7,2,4,1,3,3,3,2,4,6,0.7,1360,6,0.067,0,2,0,10.1,Creator partnership,357,316,Adventure Purists
RW-00028,53,132000,West Coast,1,3910,3910,International adventure,6,4,7,9,7,5,2,5,10,6,7,4,6,1.1,3920,8,0.224,0,4,0,23.5,Marketplace/OTA,251,1723,Experience Collectors
RW-00029,44,127000,Midwest,5,14950,2990,Cultural immersion,6,4,5,9,7,3,6,4,9,6,4,5,1,0.9,2320,8,0.117,0,6,1,1.3,Paid social,208,733,Experience Collectors
RW-00030,29,89000,West Coast,6,8880,1480,International adventure,8,6,5,2,6,2,7,7,8,8,3,9,5,1.3,990,7,0.179,0,7,0,20.9,Paid search,237,486,Adventure Purists
RW-00031,39,116000,South,2,2520,1260,National parks,5,4,3,5,2,3,9,6,10,6,3,8,3,0.5,820,4,0.016,0,8,1,6.9,Marketplace/OTA,340,129,Budget Social Travelers
RW-00032,52,81000,South,1,1080,1080,Hiking & trekking,2,5,3,5,4,3,5,9,6,10,3,7,1,1.1,700,9,0.254,0,7,1,11.5,Marketplace/OTA,255,319,Budget Social Travelers
RW-00033,57,101000,Northeast,7,23800,3400,International adventure,6,7,7,6,6,7,5,4,2,8,9,8,7,1.3,3380,7,0.218,1,6,0,13.4,Paid social,392,1740,Restorative Adventurers
RW-00034,41,177000,South,2,10020,5010,Hiking & trekking,8,10,7,7,5,4,6,2,5,7,10,4,6,1.9,3710,9,0.368,0,8,1,17.0,Paid social,693,3435,Restorative Adventurers
RW-00035,31,108000,South,2,2820,1410,Hiking & trekking,8,3,6,5,1,6,4,8,5,2,1,4,2,1.1,990,9,0.221,0,6,0,0.0,Paid search,329,433,Adventure Purists
RW-00036,32,149000,West Coast,6,28500,4750,International adventure,4,4,5,8,8,4,3,4,6,7,5,2,3,0.9,3460,10,0.35,0,7,0,14.5,Email/CRM,48,1477,Experience Collectors
RW-00037,32,78000,Northeast,7,16170,2310,National parks,6,4,4,8,7,5,6,3,7,8,6,4,3,1.4,1810,8,0.144,0,5,1,6.3,Travel advisor,198,918,Experience Collectors
RW-00038,42,86000,Northeast,2,2960,1480,Camping,7,2,4,1,2,7,3,5,3,3,2,5,2,0.9,960,8,0.137,0,6,0,7.0,Paid search,259,310,Adventure Purists
RW-00039,41,130000,Northeast,6,41880,6980,Surf,8,9,10,6,6,5,5,2,7,7,7,8,5,1.7,5060,9,0.44,0,6,0,25.8,Paid social,286,4685,Restorative Adventurers
RW-00040,21,90000,Midwest,2,1680,840,National parks,6,6,7,5,2,4,10,10,8,8,4,8,3,0.7,700,9,0.354,0,7,1,0.0,Creator partnership,174,234,Budget Social Travelers
RW-00041,29,77000,South,4,6640,1660,Backpacking,9,4,5,7,2,7,4,7,5,1,4,6,4,1.0,1480,8,0.204,1,7,0,16.4,Marketplace/OTA,223,576,Adventure Purists
RW-00042,30,136000,South,3,9660,3220,Hiking & trekking,6,7,8,8,4,5,6,5,5,3,6,7,7,1.1,2860,7,0.198,0,6,0,2.6,Organic search,85,1215,Purposeful Explorers
RW-00043,34,113000,West Coast,1,1090,1090,Hiking & trekking,8,5,3,6,3,1,9,6,5,7,3,5,4,1.2,890,7,0.102,0,6,0,2.3,Creator partnership,109,369,Budget Social Travelers
RW-00044,36,217000,West Coast,3,12120,4040,Hiking & trekking,5,7,7,7,7,5,7,3,5,7,10,6,7,1.4,3120,8,0.306,0,8,0,29.0,Paid search,592,1945,Restorative Adventurers
RW-00045,35,148000,West Coast,1,2080,2080,Hiking & trekking,4,7,8,9,1,4,4,4,5,7,3,10,6,0.7,1580,8,0.373,0,8,0,11.8,Email/CRM,58,543,Purposeful Explorers
RW-00046,46,85000,Northeast,2,4660,2330,Outdoor photography,7,7,7,10,4,4,3,4,6,7,6,7,7,1.3,1570,9,0.5,1,6,0,10.8,Referral,86,1226,Purposeful Explorers
RW-00047,39,197000,West Coast,6,27300,4550,Hiking & trekking,7,9,8,4,4,5,6,2,6,7,9,8,7,1.8,4550,10,0.694,0,7,3,24.5,Marketplace/OTA,339,6964,Restorative Adventurers
RW-00048,29,188000,West Coast,6,23700,3950,Surf,7,10,9,3,6,4,5,3,4,9,6,7,7,0.8,2970,5,0.057,0,5,0,40.0,Paid search,236,781,Restorative Adventurers
RW-00049,28,59000,West Coast,4,5640,1410,Surf,4,5,6,4,5,3,9,9,8,7,4,9,3,1.1,980,7,0.132,0,5,1,0.0,Referral,92,385,Budget Social Travelers
RW-00050,31,169000,South,5,19350,3870,International adventure,3,5,6,7,7,3,4,1,7,8,7,3,5,1.5,3360,6,0.05,0,4,0,12.8,Organic search,79,1645,Experience Collectors
RW-00051,28,145000,West Coast,7,21280,3040,International adventure,6,4,5,7,5,3,7,2,8,5,6,4,6,0.5,2050,8,0.224,0,6,0,10.6,Paid social,212,409,Experience Collectors
RW-00052,45,147000,Northeast,1,3490,3490,Cultural immersion,7,2,4,8,6,4,6,3,7,7,8,5,2,0.8,2790,7,0.073,0,8,0,7.7,Paid social,264,746,Experience Collectors
RW-00053,36,83000,West Coast,3,5220,1740,Cultural immersion,5,6,7,8,2,6,4,3,3,6,7,9,7,1.0,1290,8,0.387,1,7,0,15.5,Paid social,253,647,Purposeful Explorers
RW-00054,22,82000,Midwest,3,4020,1340,National parks,4,7,5,6,6,3,10,7,7,6,4,7,2,0.7,920,10,0.45,1,7,0,6.7,Paid social,300,356,Budget Social Travelers
RW-00055,42,35000,Northeast,2,1720,860,National parks,5,5,8,6,5,3,10,10,7,1,5,8,3,0.7,700,6,0.063,0,6,1,3.8,Paid social,428,162,Budget Social Travelers
RW-00056,44,90000,Northeast,3,3840,1280,Hiking & trekking,7,6,9,7,4,7,7,4,4,7,4,9,5,1.2,960,10,0.641,0,10,1,29.1,Email/CRM,35,887,Purposeful Explorers
RW-00057,30,141000,Mountain West,3,6810,2270,International adventure,9,3,8,5,4,9,4,5,3,2,5,3,8,0.9,1750,9,0.426,0,6,2,0.0,Marketplace/OTA,245,838,Adventure Purists
RW-00058,43,69000,South,2,3500,1750,International adventure,6,5,6,7,2,3,8,8,6,6,5,6,1,0.9,1370,5,0.018,0,4,0,0.0,Paid search,242,389,Budget Social Travelers
RW-00059,54,197000,South,3,15540,5180,International adventure,5,6,4,9,10,5,3,5,10,7,8,5,6,0.9,5050,9,0.397,1,7,0,12.2,Marketplace/OTA,206,2312,Experience Collectors
RW-00060,44,78000,West Coast,3,7590,2530,Outdoor photography,8,6,9,10,7,6,3,6,6,5,8,3,2,1.3,1920,8,0.111,0,6,1,0.0,Paid search,256,870,Restorative Adventurers
RW-00061,28,81000,Midwest,3,8070,2690,National parks,9,5,3,5,4,3,9,8,9,8,6,10,4,0.3,2150,4,0.025,0,6,0,14.7,Email/CRM,33,205,Budget Social Travelers
RW-00062,36,86000,Mountain West,4,6880,1720,Hiking & trekking,10,4,3,4,2,8,2,6,2,1,3,2,5,1.1,1290,7,0.086,0,3,0,12.4,Creator partnership,165,481,Adventure Purists
RW-00063,32,84000,South,5,8000,1600,Surf,5,5,6,6,7,5,10,6,8,7,6,4,1,1.1,1320,10,0.323,1,5,3,5.7,Paid social,288,663,Experience Collectors
RW-00064,37,77000,Northeast,5,10400,2080,Cultural immersion,4,7,9,6,5,6,6,6,5,8,5,8,7,1.4,1580,7,0.218,1,5,0,7.3,Creator partnership,189,876,Purposeful Explorers
RW-00065,26,44000,South,2,1480,740,Surf,4,6,7,6,4,5,9,6,8,8,5,10,5,1.3,700,9,0.5,0,9,1,2.5,Paid search,304,547,Purposeful Explorers
RW-00066,27,64000,Mountain West,1,1430,1430,Hiking & trekking,4,3,2,7,4,6,6,9,9,8,4,8,4,0.8,980,7,0.139,0,5,0,0.0,Creator partnership,219,282,Budget Social Travelers
RW-00067,22,66000,Midwest,2,1440,720,Hiking & trekking,6,6,6,4,4,3,7,9,8,6,5,5,6,0.4,700,6,0.074,0,7,0,0.0,Paid social,374,94,Budget Social Travelers
RW-00068,29,99000,South,5,19950,3990,National parks,8,10,7,5,8,6,5,4,9,8,7,6,6,1.4,3190,10,0.599,1,7,1,17.3,Travel advisor,197,3184,Restorative Adventurers
RW-00069,24,77000,Northeast,8,39760,4970,Cultural immersion,4,6,5,8,6,5,5,5,9,8,8,4,2,1.5,3900,6,0.034,0,4,0,10.1,Travel advisor,217,1876,Experience Collectors
RW-00070,24,150000,South,2,4160,2080,Camping,7,4,5,4,4,8,5,5,8,2,6,2,5,1.3,1560,7,0.086,1,4,1,1.0,Paid search,279,688,Adventure Purists
RW-00071,27,160000,West Coast,5,18000,3600,Hiking & trekking,8,8,10,7,5,6,5,3,5,9,7,6,5,1.4,2480,8,0.235,0,7,0,26.3,Paid social,596,1406,Restorative Adventurers
RW-00072,38,86000,West Coast,2,2600,1300,Backpacking,9,3,7,6,5,7,3,5,2,4,4,5,2,0.7,1100,3,0.005,0,2,0,12.0,Paid search,207,241,Adventure Purists
RW-00073,40,113000,Mountain West,3,5220,1740,Hiking & trekking,5,5,8,9,3,5,5,7,3,7,8,9,7,0.5,1440,5,0.072,0,6,0,14.8,Creator partnership,227,240,Purposeful Explorers
RW-00074,50,113000,Northeast,6,10320,1720,Hiking & trekking,9,7,6,2,5,7,6,5,2,8,8,6,5,1.6,1420,9,0.382,1,7,0,29.7,Organic search,96,1131,Restorative Adventurers
RW-00075,42,158000,West Coast,4,21600,5400,International adventure,6,2,3,10,9,5,4,2,8,6,5,6,3,2.0,4220,5,0.026,0,5,0,13.9,Organic search,87,2685,Experience Collectors
RW-00076,29,163000,Northeast,3,10680,3560,Hiking & trekking,8,9,6,5,6,5,5,4,6,8,9,8,6,0.8,3390,10,0.655,1,10,1,29.2,Email/CRM,35,2142,Restorative Adventurers
RW-00077,57,79000,South,2,7720,3860,Surf,7,8,6,4,6,8,5,7,1,10,10,5,8,1.3,3550,7,0.188,0,6,0,24.3,Paid search,271,1762,Restorative Adventurers
RW-00078,21,63000,South,2,1560,780,Surf,6,5,6,1,2,2,10,10,8,6,5,10,7,1.4,700,9,0.589,0,8,0,0.0,Marketplace/OTA,265,687,Budget Social Travelers
RW-00079,40,91000,West Coast,3,5130,1710,Camping,5,6,5,5,5,1,8,6,7,4,8,8,5,1.0,1540,10,0.613,1,9,2,4.1,Marketplace/OTA,303,1127,Budget Social Travelers
RW-00080,29,118000,South,8,26560,3320,National parks,5,6,8,7,3,5,7,6,2,3,8,5,8,1.0,2750,8,0.319,0,6,0,14.5,Referral,72,1247,Experience Collectors
RW-00081,29,67000,Northeast,1,930,930,Surf,6,8,1,5,5,2,10,8,8,5,3,4,3,1.1,770,7,0.077,0,6,1,0.0,Paid social,267,285,Budget Social Travelers
RW-00082,32,95000,Midwest,5,6000,1200,Camping,10,5,5,4,2,9,5,7,4,3,3,7,1,1.1,930,9,0.254,1,5,3,6.5,Paid search,394,424,Adventure Purists
RW-00083,31,133000,Midwest,1,1690,1690,Outdoor photography,6,4,10,10,4,7,6,6,3,4,5,7,5,0.9,1070,7,0.147,0,5,1,16.6,Organic search,88,350,Purposeful Explorers
RW-00084,43,145000,Northeast,8,55280,6910,National parks,5,5,4,10,7,3,4,4,7,5,7,3,3,0.9,5880,8,0.13,0,5,0,4.6,Organic search,116,1886,Experience Collectors
RW-00085,63,153000,West Coast,5,21300,4260,International adventure,5,5,5,8,8,3,6,3,6,7,5,4,2,1.0,3110,10,0.364,0,5,1,22.7,Referral,71,1505,Experience Collectors
RW-00086,31,125000,Midwest,5,17000,3400,Cultural immersion,5,3,6,9,7,4,3,3,7,7,4,4,5,1.3,2590,8,0.195,1,5,0,10.0,Paid social,220,1296,Experience Collectors
RW-00087,29,74000,West Coast,3,3120,1040,International adventure,9,4,4,4,1,4,10,6,9,5,4,7,7,0.4,860,6,0.109,0,5,1,9.9,Referral,87,120,Adventure Purists
RW-00088,21,91000,Midwest,5,8550,1710,Hiking & trekking,9,5,5,4,3,6,2,6,5,3,2,3,4,0.3,1250,9,0.265,1,5,0,6.8,Paid search,293,158,Adventure Purists
RW-00089,40,179000,Midwest,6,44160,7360,Cultural immersion,6,5,6,8,7,5,5,6,7,6,6,4,5,0.9,6280,9,0.327,1,7,2,9.8,Organic search,99,2595,Experience Collectors
RW-00090,31,102000,Midwest,9,19800,2200,Backpacking,9,2,9,4,5,8,5,4,4,3,6,4,4,0.3,1560,9,0.289,0,5,0,3.9,Marketplace/OTA,305,204,Adventure Purists
RW-00091,59,195000,West Coast,9,35460,3940,Outdoor photography,7,4,6,10,7,5,6,1,7,6,8,2,5,1.1,4020,9,0.277,0,4,0,11.6,Marketplace/OTA,308,1893,Experience Collectors
RW-00092,24,62000,Northeast,3,2250,750,International adventure,6,3,4,3,2,4,8,7,9,8,3,8,2,0.4,700,9,0.314,0,7,1,0.9,Paid social,238,126,Budget Social Travelers
RW-00093,32,83000,Midwest,2,3560,1780,Hiking & trekking,10,2,7,5,3,7,2,5,3,1,3,4,4,1.4,1450,6,0.047,0,3,1,2.5,Paid search,213,661,Adventure Purists
RW-00094,35,101000,West Coast,2,5140,2570,International adventure,9,10,9,6,6,3,7,5,3,6,7,6,7,1.5,2100,9,0.47,0,6,0,28.4,Paid search,317,1800,Restorative Adventurers
RW-00095,55,241000,West Coast,3,15960,5320,Surf,10,9,8,9,5,3,7,4,8,10,8,7,7,1.6,3800,10,0.668,0,10,2,23.1,Travel advisor,239,4924,Restorative Adventurers
RW-00096,30,101000,West Coast,2,2880,1440,Hiking & trekking,6,5,7,5,3,4,7,7,10,6,5,10,1,1.0,1110,6,0.056,0,7,2,9.4,Paid search,232,365,Purposeful Explorers
RW-00097,38,186000,Midwest,4,17400,4350,National parks,8,6,6,6,7,8,8,2,4,10,7,9,5,1.8,3480,9,0.47,0,9,0,34.4,Paid social,360,3580,Restorative Adventurers
RW-00098,48,169000,Mountain West,7,26670,3810,Cultural immersion,7,7,4,9,5,2,6,3,8,5,7,6,3,1.0,3110,8,0.177,0,7,0,13.1,Paid search,278,1171,Experience Collectors
RW-00099,49,133000,Northeast,2,9920,4960,Outdoor photography,5,7,5,7,7,3,4,5,8,7,9,3,4,0.3,4310,7,0.082,0,6,1,19.8,Marketplace/OTA,298,436,Restorative Adventurers
RW-00100,70,109000,West Coast,1,2840,2840,Camping,1,5,4,5,8,4,5,8,4,7,5,5,3,0.9,2430,8,0.16,0,6,0,1.1,Marketplace/OTA,328,807,Budget Social Travelers
RW-00101,36,55000,Mountain West,3,4830,1610,Camping,2,6,4,3,6,7,6,8,6,10,3,4,2,0.3,1070,7,0.065,0,2,0,9.9,Paid social,347,106,Budget Social Travelers
RW-00102,21,104000,South,5,10900,2180,Camping,8,5,5,5,5,2,8,7,8,6,5,7,6,1.3,1880,7,0.171,1,6,0,7.3,Creator partnership,189,914,Adventure Purists
RW-00103,28,147000,Northeast,1,3600,3600,Wellness retreat,7,9,6,6,7,6,5,1,4,9,7,7,6,1.7,3020,6,0.093,0,6,1,32.9,Paid social,514,1754,Restorative Adventurers
RW-00104,39,69000,Midwest,4,4360,1090,Camping,1,6,7,5,6,5,8,8,6,7,3,3,1,0.3,900,9,0.174,0,5,0,8.9,Referral,54,101,Budget Social Travelers
RW-00105,25,80000,Northeast,4,13520,3380,Hiking & trekking,8,7,10,10,7,6,7,3,7,8,6,9,4,0.9,2940,6,0.083,0,7,0,14.3,Paid social,288,895,Purposeful Explorers
RW-00106,24,65000,Northeast,2,2040,1020,Hiking & trekking,5,6,4,6,3,2,8,7,9,6,4,4,4,0.5,810,3,0.006,0,2,1,8.3,Paid social,600,127,Budget Social Travelers
RW-00107,43,98000,Mountain West,3,3840,1280,Camping,10,1,7,4,3,5,7,4,3,3,2,7,4,0.7,980,9,0.368,1,4,1,0.5,Creator partnership,173,334,Adventure Purists
RW-00108,51,123000,Mountain West,5,20950,4190,Wellness retreat,8,8,9,8,5,6,6,3,4,8,9,6,8,1.4,3290,10,0.681,1,5,1,18.5,Marketplace/OTA,226,3823,Restorative Adventurers
RW-00109,45,74000,South,4,9360,2340,International adventure,7,2,4,9,7,6,4,2,9,6,6,5,4,1.1,2170,8,0.185,0,5,0,29.2,Marketplace/OTA,316,908,Experience Collectors
RW-00110,42,53000,Northeast,2,2040,1020,Wellness retreat,5,6,4,2,4,4,6,8,5,7,5,4,1,0.8,810,6,0.028,0,4,0,8.4,Paid search,314,207,Budget Social Travelers
RW-00111,38,155000,Mountain West,4,6560,1640,Hiking & trekking,10,3,7,6,2,8,2,4,4,4,7,8,3,0.9,1500,8,0.214,0,5,0,4.8,Paid social,189,532,Adventure Purists
RW-00112,47,185000,Northeast,5,31550,6310,International adventure,5,8,4,10,10,5,2,3,9,7,9,3,6,1.0,5200,10,0.51,0,8,1,18.1,Paid social,278,3176,Experience Collectors
RW-00113,52,117000,South,3,11580,3860,National parks,7,8,8,7,5,6,3,4,3,10,9,7,8,1.6,3600,9,0.545,1,4,1,24.7,Organic search,100,3735,Restorative Adventurers
RW-00114,22,179000,Northeast,6,11520,1920,Hiking & trekking,5,4,4,2,5,6,10,7,10,6,6,10,1,0.9,1570,7,0.107,0,9,0,9.8,Marketplace/OTA,363,491,Budget Social Travelers
RW-00115,51,214000,West Coast,3,16920,5640,National parks,7,3,4,8,7,3,3,2,7,7,6,3,1,1.5,3920,9,0.174,0,6,0,20.9,Referral,57,2205,Experience Collectors
RW-00116,44,137000,Northeast,3,6000,2000,International adventure,7,8,9,8,1,5,6,4,4,6,6,10,6,0.7,1710,8,0.373,1,7,3,23.4,Referral,91,587,Purposeful Explorers
RW-00117,35,77000,West Coast,2,4580,2290,Hiking & trekking,6,5,10,6,4,5,7,5,5,6,8,8,6,0.8,2050,7,0.188,0,8,1,18.1,Paid social,296,626,Purposeful Explorers
RW-00118,37,56000,South,3,2910,970,Surf,5,4,5,3,4,2,7,9,8,8,5,8,2,0.3,700,6,0.053,0,5,0,14.8,Marketplace/OTA,242,69,Budget Social Travelers
RW-00119,48,133000,South,5,6550,1310,Backpacking,9,2,6,5,4,9,5,7,3,3,4,5,3,0.4,990,6,0.045,0,1,0,1.3,Organic search,127,129,Adventure Purists
RW-00120,21,99000,West Coast,2,2420,1210,Hiking & trekking,5,3,5,7,4,5,10,9,8,7,6,4,4,0.7,910,10,0.45,0,7,0,0.0,Referral,74,353,Budget Social Travelers
RW-00121,22,53000,Mountain West,6,6000,1000,Camping,3,3,4,5,5,3,10,9,7,8,6,8,2,0.8,810,6,0.053,0,7,0,7.9,Paid social,375,212,Budget Social Travelers
RW-00122,21,92000,Northeast,2,3620,1810,Camping,6,4,5,5,4,2,10,8,8,4,2,8,2,1.1,1100,9,0.314,1,8,1,6.0,Paid social,353,545,Budget Social Travelers
RW-00123,37,178000,West Coast,4,22120,5530,Outdoor photography,4,6,3,9,4,8,5,3,6,5,6,6,2,1.1,4560,9,0.265,0,6,1,23.9,Paid social,444,2113,Experience Collectors
RW-00124,40,133000,West Coast,5,5850,1170,Surf,8,4,8,6,3,6,3,5,3,4,5,6,6,0.4,910,9,0.426,0,5,1,5.1,Paid social,232,194,Adventure Purists
RW-00125,52,109000,Midwest,6,29100,4850,Cultural immersion,7,6,6,9,7,4,4,1,6,5,4,5,4,0.7,4070,7,0.102,0,3,1,16.7,Creator partnership,176,983,Experience Collectors
RW-00126,30,62000,Midwest,4,4800,1200,Backpacking,10,3,9,6,1,9,4,8,3,5,6,6,3,0.6,950,8,0.177,1,6,0,0.0,Paid social,236,215,Adventure Purists
RW-00127,34,176000,Midwest,4,18240,4560,Hiking & trekking,7,9,9,6,7,6,7,4,6,8,6,4,6,1.3,4000,8,0.224,1,3,0,13.5,Referral,59,2077,Restorative Adventurers
RW-00128,32,180000,Northeast,4,29480,7370,Outdoor photography,9,3,6,7,10,5,5,4,8,3,8,4,2,1.0,6500,7,0.065,1,5,0,22.2,Marketplace/OTA,232,2156,Experience Collectors
RW-00129,47,191000,South,4,18680,4670,Cultural immersion,5,5,6,9,8,5,6,4,8,7,5,5,3,0.4,3610,7,0.086,0,6,1,17.6,Email/CRM,39,490,Experience Collectors
RW-00130,24,90000,Northeast,1,970,970,National parks,6,5,4,4,4,1,9,7,8,8,6,7,6,0.3,840,8,0.293,1,6,0,10.8,Paid search,339,110,Budget Social Travelers
RW-00131,46,239000,Northeast,7,26110,3730,International adventure,2,4,5,6,6,4,3,3,7,5,5,4,4,0.7,2480,8,0.168,0,8,1,14.5,Marketplace/OTA,226,647,Experience Collectors
RW-00132,39,82000,West Coast,4,4440,1110,Camping,4,6,6,1,3,2,5,9,6,10,3,3,2,0.6,780,6,0.03,0,6,0,2.1,Creator partnership,239,150,Budget Social Travelers
RW-00133,26,52000,Midwest,2,2160,1080,National parks,6,8,1,5,4,2,8,7,9,6,3,6,7,1.4,780,8,0.306,0,8,0,5.1,Paid social,335,486,Budget Social Travelers
RW-00134,38,148000,West Coast,4,18440,4610,International adventure,10,10,7,8,5,6,3,5,4,7,9,5,3,1.5,3810,8,0.16,0,4,0,31.1,Paid social,291,2108,Restorative Adventurers
RW-00135,35,69000,Mountain West,7,10290,1470,Camping,6,3,6,5,4,3,10,8,9,6,5,7,4,0.8,910,9,0.368,0,8,1,10.7,Paid social,344,355,Adventure Purists
RW-00136,38,110000,Midwest,4,28640,7160,International adventure,5,5,6,7,8,3,4,2,6,7,8,4,3,1.3,6050,10,0.406,1,7,0,16.5,Paid social,215,4060,Experience Collectors
RW-00137,37,91000,Midwest,5,8700,1740,Hiking & trekking,3,5,5,7,6,2,6,7,6,6,6,2,5,1.4,1330,5,0.023,0,4,0,0.0,Travel advisor,285,591,Experience Collectors
RW-00138,34,65000,West Coast,3,5550,1850,Camping,7,3,4,5,2,5,3,7,2,4,4,3,4,1.0,1730,4,0.011,0,1,0,2.5,Paid search,406,542,Adventure Purists
RW-00139,21,137000,Midwest,3,4830,1610,Cultural immersion,6,6,7,9,3,3,5,7,4,5,5,5,4,0.7,1310,7,0.102,0,1,0,16.6,Referral,72,316,Purposeful Explorers
RW-00140,44,135000,West Coast,4,10160,2540,Wellness retreat,7,5,3,10,6,7,5,4,6,7,8,3,4,1.0,2430,4,0.011,0,5,0,1.9,Referral,55,762,Experience Collectors
RW-00141,32,102000,Midwest,3,4290,1430,Surf,10,4,6,4,1,5,2,6,6,2,5,5,4,0.6,1050,8,0.185,0,6,0,10.8,Marketplace/OTA,331,240,Adventure Purists
RW-00142,39,122000,Mountain West,1,2850,2850,Hiking & trekking,10,4,6,8,3,7,1,6,4,2,4,3,5,0.7,1890,6,0.05,0,3,1,8.9,Referral,62,432,Adventure Purists
RW-00143,48,120000,Mountain West,2,3640,1820,Hiking & trekking,2,6,4,3,7,3,5,8,5,9,3,1,1,1.1,1570,6,0.02,0,3,0,1.5,Paid search,228,546,Budget Social Travelers
RW-00144,28,131000,Northeast,2,4240,2120,Camping,6,5,6,5,4,2,8,5,9,9,5,7,3,1.4,1560,8,0.195,0,6,1,0.0,Paid social,224,840,Budget Social Travelers
RW-00145,36,80000,Midwest,4,4880,1220,Camping,10,3,5,6,1,6,7,8,4,6,5,4,3,0.5,920,4,0.01,0,2,0,1.7,Referral,65,144,Adventure Purists
RW-00146,34,271000,Midwest,5,24950,4990,Wellness retreat,6,10,8,7,7,4,4,1,5,8,7,6,6,1.7,4430,8,0.269,0,8,1,26.5,Paid search,373,3189,Restorative Adventurers
RW-00147,40,156000,West Coast,2,5340,2670,Surf,9,7,8,7,9,7,6,5,3,8,9,6,6,1.4,2310,7,0.154,1,5,0,30.1,Organic search,59,1186,Restorative Adventurers
RW-00148,29,76000,Mountain West,5,7150,1430,Backpacking,10,6,7,7,3,6,3,4,3,3,3,6,6,1.2,990,8,0.269,0,5,2,20.2,Paid search,362,503,Adventure Purists
RW-00149,35,148000,Northeast,4,5400,1350,Backpacking,6,4,6,6,3,7,1,7,2,3,3,5,3,1.1,1120,7,0.086,0,6,1,0.0,Referral,62,418,Adventure Purists
RW-00150,38,184000,West Coast,2,5540,2770,National parks,6,6,6,9,5,6,4,2,5,7,8,5,5,1.4,2060,8,0.214,0,4,1,16.2,Paid search,409,1137,Restorative Adventurers
RW-00151,43,65000,Midwest,2,3340,1670,International adventure,7,5,9,10,3,6,7,5,5,5,5,8,5,1.4,1260,10,0.613,0,9,2,5.5,Referral,59,1291,Purposeful Explorers
RW-00152,48,173000,Midwest,4,9000,2250,Cultural immersion,5,8,9,6,4,4,4,2,4,8,8,8,8,1.2,1790,9,0.574,0,5,1,17.0,Referral,59,1467,Restorative Adventurers
RW-00153,34,148000,Midwest,4,19720,4930,National parks,6,5,5,8,7,6,7,3,8,5,5,3,3,0.4,3750,8,0.13,0,5,0,4.3,Email/CRM,40,535,Experience Collectors
RW-00154,27,55000,Midwest,4,5200,1300,International adventure,4,4,5,3,3,5,10,8,10,6,5,8,5,1.1,980,7,0.162,1,7,1,0.0,Referral,86,399,Budget Social Travelers
RW-00155,41,101000,Midwest,8,46480,5810,International adventure,7,4,6,9,7,5,6,8,5,6,6,6,3,1.0,4480,5,0.026,0,6,0,0.0,Paid social,345,1425,Experience Collectors
RW-00156,31,82000,South,2,3160,1580,Camping,6,5,4,4,7,3,8,6,7,7,3,9,3,1.2,1140,6,0.07,0,8,0,1.8,Paid social,295,456,Budget Social Travelers
RW-00157,42,168000,Midwest,1,3580,3580,International adventure,7,8,6,6,7,6,5,4,9,7,10,5,6,1.5,3590,9,0.397,0,6,0,22.1,Referral,33,2739,Restorative Adventurers
RW-00158,26,80000,Mountain West,3,3330,1110,Surf,7,4,5,8,3,4,6,8,9,5,6,4,1,1.6,1020,9,0.192,0,8,1,3.2,Paid social,242,626,Budget Social Travelers
RW-00159,43,71000,Mountain West,3,5700,1900,National parks,4,6,6,5,6,4,8,6,8,7,3,8,1,0.6,1480,5,0.023,0,4,0,5.5,Referral,53,282,Budget Social Travelers
RW-00160,30,89000,South,6,22020,3670,Hiking & trekking,6,8,8,10,3,6,6,7,5,8,5,10,7,1.2,2560,8,0.416,0,7,0,9.3,Creator partnership,249,1610,Purposeful Explorers
RW-00161,34,166000,Mountain West,10,39900,3990,Cultural immersion,6,6,6,8,4,3,5,4,6,9,6,4,4,0.9,2980,9,0.289,0,5,0,14.0,Paid social,194,1167,Experience Collectors
RW-00162,58,54000,Midwest,1,1620,1620,Wellness retreat,5,5,3,4,3,5,5,8,5,7,3,3,4,0.8,1190,6,0.042,0,5,0,0.7,Email/CRM,45,308,Budget Social Travelers
RW-00163,38,106000,West Coast,5,9300,1860,Surf,5,8,7,6,5,7,4,2,6,10,9,8,6,1.7,1960,8,0.319,1,7,1,13.3,Paid search,301,1511,Restorative Adventurers
RW-00164,47,174000,Mountain West,5,26800,5360,Cultural immersion,7,5,4,8,5,6,7,2,7,9,7,4,4,1.4,4540,7,0.091,0,6,2,7.7,Paid social,368,2168,Experience Collectors
RW-00165,25,41000,Midwest,1,810,810,National parks,8,6,4,7,3,5,8,8,9,5,6,8,3,0.9,700,10,0.525,0,7,0,0.0,Paid social,294,395,Budget Social Travelers
RW-00166,26,147000,West Coast,5,22850,4570,International adventure,7,6,6,8,7,8,5,4,6,7,9,7,8,1.6,3540,10,0.707,1,7,0,38.6,Email/CRM,39,4932,Restorative Adventurers
RW-00167,43,127000,Mountain West,1,2110,2110,National parks,5,5,9,5,5,4,7,4,4,7,5,8,6,0.4,1910,10,0.655,1,6,0,9.6,Organic search,125,603,Purposeful Explorers
RW-00168,36,130000,West Coast,2,6420,3210,Cultural immersion,6,2,9,6,3,6,6,4,5,7,6,6,5,1.8,2570,8,0.235,0,8,1,11.0,Organic search,92,1873,Purposeful Explorers
RW-00169,36,175000,West Coast,4,19840,4960,International adventure,6,8,8,6,6,6,7,3,5,8,8,7,7,1.8,4550,10,0.668,1,8,0,24.4,Travel advisor,171,6632,Restorative Adventurers
RW-00170,48,88000,West Coast,2,3780,1890,Camping,4,4,2,2,4,2,7,8,7,6,4,4,2,0.4,1360,10,0.364,0,6,2,2.0,Paid search,383,263,Budget Social Travelers
RW-00171,47,146000,South,3,14130,4710,Hiking & trekking,8,10,8,8,6,4,4,4,4,6,9,6,8,2.2,4670,10,0.681,1,5,1,16.8,Referral,39,8527,Restorative Adventurers
RW-00172,39,118000,Midwest,6,7980,1330,Hiking & trekking,8,3,9,4,1,6,4,7,5,2,4,6,4,0.6,870,9,0.341,0,5,0,1.9,Referral,41,244,Adventure Purists
RW-00173,39,141000,Midwest,2,8600,4300,Surf,7,6,9,5,7,8,5,5,4,8,9,7,5,1.6,3380,9,0.411,1,7,1,28.9,Organic search,138,2813,Restorative Adventurers
RW-00174,38,124000,Mountain West,1,1030,1030,Camping,3,8,4,4,3,4,3,9,5,7,5,6,2,0.5,870,9,0.265,0,2,0,0.0,Referral,65,183,Budget Social Travelers
RW-00175,34,149000,Northeast,4,9640,2410,Hiking & trekking,7,6,3,9,7,3,2,4,6,8,8,5,1,1.3,2140,7,0.062,0,6,0,12.8,Paid social,338,919,Experience Collectors
RW-00176,50,156000,Northeast,4,14240,3560,Outdoor photography,8,4,4,7,6,5,4,2,8,7,7,4,4,1.3,3070,10,0.45,1,7,0,15.2,Paid social,279,2209,Experience Collectors
RW-00177,26,133000,Mountain West,6,6960,1160,Backpacking,9,3,8,2,2,6,4,6,3,3,3,6,7,1.0,800,7,0.179,0,5,1,0.0,Organic search,102,302,Adventure Purists
RW-00178,45,57000,Northeast,1,900,900,National parks,5,6,4,5,5,4,8,10,6,4,4,3,3,0.7,720,7,0.069,0,6,0,0.0,Paid search,495,168,Budget Social Travelers
RW-00179,21,70000,Northeast,4,9240,2310,Outdoor photography,7,8,7,8,1,5,5,7,5,7,8,10,8,1.0,1630,6,0.174,0,6,0,12.1,Paid social,292,611,Purposeful Explorers
RW-00180,31,94000,Northeast,5,6050,1210,Hiking & trekking,4,5,6,5,5,2,8,7,8,7,3,8,5,0.6,750,8,0.281,0,8,1,0.0,Paid social,270,194,Budget Social Travelers
RW-00181,58,137000,West Coast,4,15240,3810,International adventure,5,6,10,9,6,3,9,5,3,6,4,9,6,1.7,2870,6,0.115,0,5,1,16.7,Organic search,123,1709,Purposeful Explorers
RW-00182,36,88000,Northeast,5,9550,1910,Outdoor photography,8,6,10,8,5,5,8,4,4,4,5,7,6,1.4,1170,8,0.293,0,7,0,20.7,Paid social,373,717,Purposeful Explorers
RW-00183,38,82000,West Coast,2,1880,940,Camping,8,4,8,3,3,7,2,8,4,4,4,2,3,0.7,730,8,0.117,0,5,2,0.0,Referral,67,179,Adventure Purists
RW-00184,38,183000,West Coast,4,22520,5630,National parks,6,8,8,9,8,4,5,4,4,7,9,8,6,1.2,4630,7,0.188,0,6,1,35.0,Referral,67,2122,Restorative Adventurers
RW-00185,40,95000,Mountain West,4,13840,3460,International adventure,9,7,8,9,3,8,6,5,5,4,7,9,7,1.0,2930,5,0.072,0,6,0,19.6,Paid search,297,979,Purposeful Explorers
RW-00186,34,72000,West Coast,2,4300,2150,Camping,4,7,3,5,6,3,8,6,7,7,5,7,4,0.9,1630,7,0.126,0,5,0,1.3,Paid social,401,520,Budget Social Travelers
RW-00187,34,268000,West Coast,6,18120,3020,Hiking & trekking,9,8,7,7,7,6,7,1,7,7,8,6,4,1.6,2410,6,0.06,0,4,0,24.0,Creator partnership,211,1271,Restorative Adventurers
RW-00188,33,133000,West Coast,3,7530,2510,National parks,6,3,6,8,8,2,5,2,9,5,9,4,3,1.6,1970,9,0.254,0,6,1,15.5,Paid social,345,1308,Experience Collectors
RW-00189,25,103000,Northeast,6,10020,1670,International adventure,6,6,5,5,4,1,9,6,7,8,7,9,5,1.2,1400,8,0.306,0,8,1,0.0,Paid social,421,748,Purposeful Explorers
RW-00190,36,173000,West Coast,5,19550,3910,National parks,9,9,9,5,7,5,7,3,4,8,9,7,6,1.6,3370,10,0.627,0,9,0,23.0,Paid social,571,4048,Restorative Adventurers
RW-00191,36,53000,Midwest,1,1630,1630,Camping,4,8,3,5,6,4,9,8,8,9,5,4,5,0.7,1140,8,0.195,0,6,0,0.0,Paid search,272,307,Budget Social Travelers
RW-00192,52,238000,West Coast,1,3300,3300,Hiking & trekking,9,7,8,7,9,5,3,1,1,10,7,6,5,1.6,2630,10,0.555,1,5,0,26.6,Travel advisor,310,2776,Restorative Adventurers
RW-00193,39,233000,Midwest,7,39060,5580,Cultural immersion,7,4,6,8,5,2,3,1,6,8,7,4,6,1.0,3830,9,0.368,1,5,1,9.8,Travel advisor,250,1866,Experience Collectors
RW-00194,32,85000,South,2,7440,3720,International adventure,7,5,7,10,4,2,4,4,5,8,7,7,6,1.8,3120,6,0.093,0,5,1,16.6,Organic search,110,1919,Purposeful Explorers
RW-00195,38,109000,West Coast,5,12800,2560,National parks,5,4,3,6,8,5,5,3,7,6,6,5,5,1.6,2110,8,0.214,0,8,0,19.0,Travel advisor,184,1331,Experience Collectors
RW-00196,56,120000,South,5,12450,2490,National parks,5,6,4,7,5,3,3,5,7,7,7,3,5,0.7,1950,8,0.177,0,6,0,11.5,Paid search,310,514,Experience Collectors
RW-00197,30,78000,West Coast,3,4350,1450,International adventure,7,7,5,7,3,3,10,4,9,6,8,9,5,1.3,1360,7,0.179,0,10,2,5.1,Paid social,202,668,Purposeful Explorers
RW-00198,35,176000,Northeast,6,20100,3350,National parks,6,5,6,10,6,5,3,3,4,6,6,8,8,1.3,2540,7,0.25,1,5,1,15.9,Organic search,92,1363,Experience Collectors
RW-00199,47,146000,West Coast,7,36960,5280,International adventure,8,6,4,10,9,2,5,4,6,6,8,4,2,0.7,5340,10,0.364,1,7,1,15.4,Travel advisor,324,1809,Experience Collectors
RW-00200,32,201000,South,3,12030,4010,Hiking & trekking,7,6,9,6,8,7,7,4,3,9,8,7,9,1.9,3340,8,0.416,0,4,1,16.1,Referral,93,3326,Restorative Adventurers
RW-00201,40,72000,West Coast,4,7400,1850,Cultural immersion,8,6,10,7,5,4,7,6,4,7,6,7,7,1.0,1340,10,0.668,1,5,0,11.3,Email/CRM,74,1085,Purposeful Explorers
RW-00202,58,49000,South,4,4200,1050,National parks,4,5,5,3,4,3,6,8,3,8,3,2,5,0.4,770,6,0.045,0,3,0,0.8,Creator partnership,137,100,Budget Social Travelers
RW-00203,21,80000,West Coast,6,6600,1100,Camping,9,3,4,6,4,6,2,6,3,3,4,1,5,0.7,940,8,0.144,0,2,0,13.9,Travel advisor,322,238,Adventure Purists
RW-00204,42,192000,West Coast,5,28200,5640,International adventure,6,4,4,9,5,5,6,4,6,6,9,4,3,1.4,5880,9,0.254,0,5,1,5.6,Organic search,80,3415,Experience Collectors
RW-00205,48,90000,Northeast,3,9240,3080,National parks,7,7,3,6,5,7,5,3,9,7,8,5,2,0.6,3150,7,0.073,0,6,0,12.5,Travel advisor,193,632,Restorative Adventurers
RW-00206,47,233000,West Coast,3,22050,7350,Wellness retreat,7,6,9,7,8,6,5,5,6,9,10,8,7,0.8,7160,10,0.694,1,9,2,17.9,Email/CRM,30,4871,Restorative Adventurers
RW-00207,25,95000,Mountain West,6,26520,4420,International adventure,6,6,3,6,8,6,2,4,9,7,6,4,3,1.3,3210,5,0.02,0,5,0,19.4,Paid search,273,1320,Experience Collectors
RW-00208,26,74000,Northeast,4,6000,1500,Surf,7,5,6,6,3,4,8,5,9,6,3,7,5,0.8,1290,7,0.147,0,7,0,5.6,Paid social,290,375,Adventure Purists
RW-00209,44,76000,Northeast,2,8460,4230,Hiking & trekking,5,5,4,8,9,4,3,5,8,7,6,7,6,1.1,3600,9,0.455,1,8,0,17.8,Referral,74,2209,Experience Collectors
RW-00210,45,129000,Northeast,8,12400,1550,Camping,10,2,5,5,1,7,3,6,6,2,5,6,6,0.8,1300,9,0.426,0,8,0,1.0,Marketplace/OTA,220,553,Adventure Purists
RW-00211,31,81000,Midwest,1,1350,1350,Hiking & trekking,7,6,4,4,4,3,8,9,8,6,4,7,4,0.5,1210,6,0.067,0,5,1,5.4,Paid search,255,201,Budget Social Travelers
RW-00212,30,52000,Midwest,5,3950,790,Hiking & trekking,5,4,4,5,4,6,7,8,8,6,4,9,4,0.9,700,8,0.269,0,8,0,4.6,Paid social,316,267,Budget Social Travelers
RW-00213,62,147000,West Coast,7,27650,3950,Hiking & trekking,6,3,5,10,7,5,5,3,7,6,7,4,6,1.5,3560,8,0.224,0,7,0,8.8,Paid search,210,2133,Experience Collectors
RW-00214,28,121000,South,5,10400,2080,Cultural immersion,5,7,9,7,6,7,8,2,6,6,6,8,7,1.0,1770,10,0.694,1,9,0,14.9,Paid social,330,1505,Restorative Adventurers
RW-00215,28,119000,South,4,6800,1700,Camping,6,4,3,7,4,4,9,6,7,5,8,9,3,0.6,1580,8,0.235,1,9,0,16.0,Paid social,506,384,Budget Social Travelers
RW-00216,22,64000,Midwest,1,1200,1200,National parks,5,8,4,2,3,2,10,9,9,4,5,6,3,0.7,980,8,0.177,0,7,1,7.7,Creator partnership,171,258,Budget Social Travelers
RW-00217,45,101000,Midwest,7,19810,2830,Hiking & trekking,8,7,3,8,8,6,5,4,4,5,8,4,2,1.1,2590,5,0.017,0,2,1,9.5,Paid social,381,898,Experience Collectors
RW-00218,45,128000,South,5,23450,4690,Outdoor photography,6,4,5,10,7,6,1,4,9,9,7,4,3,1.1,3740,9,0.254,0,5,1,6.9,Referral,51,1707,Experience Collectors
RW-00219,63,95000,Northeast,3,4350,1450,Hiking & trekking,2,9,7,4,4,3,5,9,6,7,6,3,3,0.3,950,3,0.004,0,3,0,2.6,Organic search,69,89,Budget Social Travelers
RW-00220,40,87000,Northeast,3,3210,1070,Surf,9,4,5,4,1,6,5,5,5,2,4,6,5,1.0,940,6,0.07,0,5,2,0.0,Marketplace/OTA,250,313,Adventure Purists
RW-00221,41,136000,Midwest,5,25150,5030,National parks,8,10,7,6,7,6,6,1,5,8,10,9,8,1.9,3630,10,0.754,1,8,1,35.9,Marketplace/OTA,221,6573,Restorative Adventurers
RW-00222,50,78000,Northeast,6,8280,1380,Hiking & trekking,7,5,8,2,5,5,3,7,2,4,6,5,4,0.5,1150,7,0.102,0,4,0,7.6,Organic search,94,198,Adventure Purists
RW-00223,40,64000,South,4,4640,1160,Camping,6,3,5,6,7,3,10,7,8,5,6,6,1,1.1,830,10,0.378,0,8,0,8.8,Referral,89,451,Budget Social Travelers
RW-00224,29,62000,Midwest,1,1370,1370,National parks,2,6,7,5,2,2,8,6,8,7,2,1,3,1.3,970,6,0.028,0,4,0,0.0,Marketplace/OTA,254,402,Budget Social Travelers
RW-00225,43,154000,Midwest,5,21150,4230,National parks,6,7,8,6,5,4,4,2,5,8,9,9,6,2.0,3330,7,0.208,0,7,1,23.6,Paid social,385,2604,Restorative Adventurers
RW-00226,50,91000,Midwest,1,1810,1810,Hiking & trekking,2,7,5,5,3,4,6,10,7,8,3,7,4,0.6,1370,8,0.224,0,7,2,0.0,Email/CRM,46,328,Budget Social Travelers
RW-00227,49,179000,South,5,25500,5100,Cultural immersion,3,5,6,9,6,4,6,3,8,10,7,2,4,1.3,4770,8,0.137,0,5,0,9.7,Creator partnership,223,2227,Experience Collectors
RW-00228,33,109000,Midwest,3,3390,1130,International adventure,6,4,2,6,4,1,8,6,8,7,5,8,5,1.1,710,6,0.088,0,5,0,7.4,Paid search,275,265,Budget Social Travelers
RW-00229,21,78000,Midwest,2,2560,1280,Surf,5,2,4,4,3,2,10,7,10,7,3,6,3,1.2,950,7,0.096,1,6,0,7.6,Marketplace/OTA,444,391,Budget Social Travelers
RW-00230,52,118000,West Coast,1,4770,4770,International adventure,5,4,3,9,6,5,5,4,9,7,6,3,5,0.9,3830,9,0.302,0,4,0,4.4,Creator partnership,182,1526,Experience Collectors
RW-00231,26,156000,Mountain West,6,25500,4250,Cultural immersion,8,3,5,6,5,5,3,6,9,5,6,3,1,0.9,3460,8,0.094,0,5,0,10.4,Paid search,247,1066,Experience Collectors
RW-00232,25,71000,West Coast,4,6200,1550,Backpacking,10,5,5,5,3,8,5,5,4,4,5,5,7,1.0,1180,7,0.162,0,8,1,6.3,Paid social,261,437,Adventure Purists
RW-00233,38,73000,South,2,2280,1140,National parks,7,6,5,5,7,3,5,8,4,9,4,4,6,0.7,900,8,0.224,1,4,1,3.6,Marketplace/OTA,369,252,Budget Social Travelers
RW-00234,26,67000,Midwest,3,2790,930,Surf,5,4,6,6,5,1,8,10,9,8,2,5,3,0.8,700,5,0.023,0,6,0,0.7,Creator partnership,194,178,Budget Social Travelers
RW-00235,48,139000,South,2,1980,990,Wellness retreat,3,6,5,6,5,2,5,6,5,7,3,4,3,0.3,700,6,0.04,0,3,0,10.3,Email/CRM,41,68,Budget Social Travelers
RW-00236,55,86000,Mountain West,1,2430,2430,Hiking & trekking,8,7,10,9,4,6,6,7,4,6,4,9,6,1.5,1820,9,0.515,1,8,1,7.7,Paid search,380,1682,Purposeful Explorers
RW-00237,45,81000,West Coast,2,1880,940,Hiking & trekking,10,5,5,3,3,9,5,6,4,4,3,6,4,1.7,750,8,0.204,0,7,0,8.2,Paid search,158,497,Adventure Purists
RW-00238,46,149000,West Coast,4,11040,2760,Hiking & trekking,5,8,8,9,5,5,3,3,4,6,6,6,7,0.9,1780,8,0.306,0,6,1,13.0,Creator partnership,235,713,Purposeful Explorers
RW-00239,29,132000,Mountain West,6,15900,2650,Outdoor photography,5,2,6,10,5,5,6,3,8,5,6,6,2,1.3,1790,7,0.082,0,5,0,17.4,Organic search,124,786,Experience Collectors
RW-00240,46,180000,Northeast,9,51480,5720,Cultural immersion,3,5,4,8,8,4,4,5,7,7,6,4,4,1.1,4900,9,0.289,0,7,0,7.3,Travel advisor,169,2345,Experience Collectors
RW-00241,43,221000,Mountain West,4,13760,3440,Cultural immersion,9,7,9,9,6,6,6,3,3,7,8,10,6,1.0,3290,7,0.228,0,7,0,17.7,Paid social,368,1320,Restorative Adventurers
RW-00242,37,86000,West Coast,2,2760,1380,International adventure,5,6,9,7,3,5,5,7,5,5,4,8,6,0.9,940,9,0.485,1,4,0,21.6,Referral,55,496,Purposeful Explorers
RW-00243,35,155000,West Coast,4,15400,3850,Wellness retreat,7,8,8,8,8,5,6,2,7,9,10,7,5,1.6,3690,8,0.257,1,5,0,19.4,Organic search,94,2462,Restorative Adventurers
RW-00244,43,126000,Midwest,4,6520,1630,Surf,9,6,4,4,2,8,3,7,2,3,4,6,4,0.9,1060,7,0.113,0,2,0,0.6,Paid search,299,333,Adventure Purists
RW-00245,21,82000,West Coast,3,4230,1410,Camping,3,4,5,6,5,3,7,8,6,8,4,6,3,1.3,970,9,0.302,0,6,0,4.2,Referral,54,558,Budget Social Travelers
RW-00246,30,110000,Mountain West,3,7020,2340,Cultural immersion,7,7,9,9,4,5,6,6,5,8,5,8,6,0.8,1580,10,0.655,1,7,0,12.3,Creator partnership,192,998,Purposeful Explorers
RW-00247,34,88000,West Coast,2,2920,1460,Surf,7,4,5,4,6,3,7,8,9,6,8,8,2,0.9,1150,8,0.185,0,4,0,15.1,Paid search,283,394,Budget Social Travelers
RW-00248,33,59000,Northeast,5,8200,1640,Hiking & trekking,10,6,10,6,3,7,1,8,6,1,5,4,4,0.8,1050,6,0.047,0,4,0,0.0,Paid search,356,273,Adventure Purists
RW-00249,38,197000,Northeast,6,19140,3190,Hiking & trekking,7,10,6,7,7,4,9,3,4,8,9,7,5,1.6,2940,9,0.411,0,7,1,20.9,Referral,82,2447,Restorative Adventurers
RW-00250,32,116000,West Coast,3,7110,2370,International adventure,9,4,6,4,5,6,3,5,4,3,2,6,4,0.8,1850,7,0.113,0,8,0,2.9,Organic search,82,517,Adventure Purists
RW-00251,29,69000,West Coast,2,2940,1470,National parks,6,5,3,7,7,4,7,8,7,5,5,10,3,0.8,1170,8,0.257,0,7,0,3.2,Paid social,456,390,Budget Social Travelers
RW-00252,48,93000,West Coast,2,5060,2530,International adventure,4,5,9,6,1,4,9,5,2,5,5,8,6,0.9,2250,8,0.319,0,5,0,9.2,Referral,68,918,Purposeful Explorers
RW-00253,25,76000,West Coast,1,1640,1640,Hiking & trekking,10,3,7,4,3,7,4,7,4,4,6,4,6,1.0,1350,10,0.54,1,4,0,5.7,Referral,69,868,Adventure Purists
RW-00254,41,213000,Midwest,4,17440,4360,Wellness retreat,5,7,6,5,6,5,6,4,6,9,8,6,7,1.3,3300,7,0.179,0,8,0,29.2,Referral,40,1620,Restorative Adventurers
RW-00255,37,172000,South,1,5230,5230,Hiking & trekking,7,9,5,5,6,5,5,3,4,10,7,4,9,1.4,4570,9,0.5,1,4,0,11.7,Travel advisor,286,3843,Restorative Adventurers
RW-00256,29,97000,South,1,1650,1650,Surf,3,6,5,6,4,3,9,5,9,7,6,7,4,0.5,1500,8,0.224,1,8,1,0.0,Paid search,297,300,Budget Social Travelers
RW-00257,44,146000,West Coast,3,8640,2880,National parks,6,8,8,8,2,4,7,3,3,6,6,7,5,1.7,2570,7,0.147,1,6,0,21.4,Organic search,68,1587,Purposeful Explorers
RW-00258,38,169000,West Coast,4,16040,4010,Cultural immersion,8,3,4,10,5,4,4,4,8,8,8,3,1,1.0,3320,7,0.049,0,8,0,12.3,Paid social,373,1083,Experience Collectors
RW-00259,56,116000,West Coast,3,10140,3380,Outdoor photography,6,9,7,7,7,6,5,1,6,5,6,6,3,1.1,2840,7,0.096,0,3,1,13.9,Paid social,509,1072,Restorative Adventurers
RW-00260,24,48000,Midwest,2,2740,1370,National parks,7,4,5,5,4,1,8,8,4,7,3,7,3,0.3,1010,7,0.107,0,7,0,7.8,Organic search,90,105,Budget Social Travelers
RW-00261,41,137000,Mountain West,3,10290,3430,Cultural immersion,5,3,5,9,5,6,7,2,8,6,6,6,4,1.7,2820,7,0.113,0,9,1,20.7,Paid search,338,1676,Experience Collectors
RW-00262,34,97000,Mountain West,1,1970,1970,Hiking & trekking,5,6,8,8,4,4,7,4,4,4,9,6,6,1.5,1650,8,0.269,0,4,1,2.8,Paid social,286,1048,Purposeful Explorers
RW-00263,44,218000,Northeast,4,17800,4450,Hiking & trekking,6,10,7,7,5,8,5,4,6,7,10,5,7,1.6,4530,10,0.613,1,7,1,24.3,Paid search,365,5303,Restorative Adventurers
RW-00264,27,202000,West Coast,2,7740,3870,International adventure,5,3,7,9,7,5,7,2,6,7,5,6,4,0.9,3070,9,0.341,1,6,1,10.7,Paid search,204,1293,Experience Collectors
RW-00265,46,100000,South,1,1660,1660,Wellness retreat,4,5,5,4,6,4,5,8,6,9,4,5,5,1.1,1160,8,0.214,0,6,0,8.9,Marketplace/OTA,323,503,Budget Social Travelers
RW-00266,33,164000,Mountain West,8,42720,5340,Cultural immersion,7,5,6,8,6,7,5,2,7,8,7,3,4,0.9,4390,7,0.082,0,5,2,10.9,Paid search,207,1334,Experience Collectors
RW-00267,45,138000,West Coast,4,9960,2490,Surf,7,10,7,7,8,5,3,5,4,7,10,7,6,1.6,2220,7,0.171,1,4,0,36.8,Referral,76,1328,Restorative Adventurers
RW-00268,21,93000,West Coast,4,10480,2620,Outdoor photography,5,7,5,9,9,4,5,4,10,6,8,3,3,0.5,2410,10,0.378,1,5,0,7.7,Paid social,273,596,Experience Collectors
RW-00269,42,179000,West Coast,6,20460,3410,International adventure,7,5,6,8,7,7,6,4,6,4,8,7,5,1.1,2840,10,0.584,1,9,0,6.0,Referral,62,2171,Experience Collectors
RW-00270,42,102000,Northeast,6,22080,3680,International adventure,6,5,5,7,9,5,3,5,7,7,6,4,4,1.3,2520,7,0.091,1,5,1,15.2,Creator partnership,222,1117,Experience Collectors
RW-00271,40,228000,Mountain West,2,14700,7350,Cultural immersion,6,2,6,10,6,9,5,3,6,8,7,4,3,1.4,6430,3,0.005,0,3,0,12.8,Travel advisor,175,2819,Experience Collectors
RW-00272,54,201000,Mountain West,5,31500,6300,Cultural immersion,6,4,4,10,7,3,3,3,8,6,6,5,4,1.1,4640,9,0.314,0,4,1,13.9,Creator partnership,169,2300,Experience Collectors
RW-00273,55,159000,Northeast,5,13000,2600,Outdoor photography,5,3,5,7,6,4,5,1,5,7,7,5,4,1.4,1860,7,0.102,0,5,0,22.8,Paid search,233,898,Experience Collectors
RW-00274,27,78000,Midwest,7,6580,940,International adventure,6,4,5,6,1,5,8,8,9,6,4,8,5,0.4,700,10,0.613,0,10,3,8.9,Marketplace/OTA,352,205,Adventure Purists
RW-00275,34,93000,South,5,8800,1760,Hiking & trekking,4,7,5,6,3,1,7,8,9,9,6,7,3,1.0,1110,8,0.195,0,7,1,4.5,Marketplace/OTA,241,427,Budget Social Travelers
RW-00276,23,89000,West Coast,2,3120,1560,Hiking & trekking,9,1,4,5,4,8,3,5,3,2,2,5,4,0.3,1220,5,0.027,0,4,2,3.6,Organic search,94,117,Adventure Purists
RW-00277,58,219000,West Coast,6,28260,4710,Wellness retreat,8,7,5,6,8,3,8,5,4,8,10,7,7,1.7,3790,10,0.668,1,10,0,34.2,Marketplace/OTA,271,5218,Restorative Adventurers
RW-00278,28,91000,South,2,2540,1270,Camping,10,3,7,6,3,4,4,3,5,4,5,5,1,1.4,900,8,0.117,1,7,2,7.9,Referral,60,442,Adventure Purists
RW-00279,27,140000,Northeast,2,5140,2570,Outdoor photography,4,6,9,8,5,5,6,5,5,6,5,7,6,1.2,1750,8,0.293,0,8,1,20.3,Marketplace/OTA,301,919,Purposeful Explorers
RW-00280,22,92000,South,2,2740,1370,Outdoor photography,8,5,7,9,3,2,6,5,2,5,4,6,9,0.9,940,9,0.56,0,8,1,5.4,Travel advisor,327,563,Purposeful Explorers
RW-00281,42,152000,South,3,17760,5920,Cultural immersion,7,2,5,9,6,5,4,4,7,6,6,3,6,1.4,4260,6,0.06,0,5,2,20.8,Marketplace/OTA,287,1966,Experience Collectors
RW-00282,25,136000,Mountain West,5,29800,5960,Cultural immersion,4,5,6,7,7,5,5,4,9,5,6,4,5,1.5,4930,7,0.107,0,5,0,2.9,Creator partnership,345,2568,Experience Collectors
RW-00283,43,228000,South,4,10400,2600,Hiking & trekking,9,7,7,9,7,7,6,2,6,6,10,9,7,1.6,2540,10,0.719,1,10,0,27.8,Marketplace/OTA,342,3623,Restorative Adventurers
RW-00284,26,205000,Mountain West,3,16050,5350,Hiking & trekking,6,9,7,8,7,6,4,5,7,8,7,9,10,1.7,5210,9,0.686,0,8,0,29.9,Paid social,272,7411,Restorative Adventurers
RW-00285,35,88000,South,1,1340,1340,National parks,4,7,4,9,4,3,7,10,8,7,3,6,1,0.6,1030,8,0.13,0,7,1,0.0,Paid social,359,220,Budget Social Travelers
RW-00286,24,89000,South,1,1300,1300,Hiking & trekking,6,4,4,4,1,6,4,5,5,4,4,3,5,1.1,1110,9,0.302,1,6,2,0.8,Marketplace/OTA,310,541,Budget Social Travelers
RW-00287,50,180000,Northeast,6,18600,3100,International adventure,3,1,4,7,6,7,5,4,6,8,6,5,6,1.4,2470,7,0.139,0,7,0,16.7,Referral,48,1246,Experience Collectors
RW-00288,50,172000,Northeast,4,12640,3160,Wellness retreat,7,10,9,6,6,5,4,5,5,10,7,6,9,1.7,2380,9,0.56,1,5,0,29.8,Marketplace/OTA,279,2692,Restorative Adventurers
RW-00289,49,87000,Northeast,3,6690,2230,Hiking & trekking,10,3,5,7,2,8,4,7,3,4,3,3,3,0.6,1750,8,0.13,0,5,0,5.0,Paid social,462,374,Adventure Purists
RW-00290,49,129000,Midwest,7,12600,1800,Hiking & trekking,6,3,6,10,5,4,1,6,8,7,7,2,3,1.6,1160,10,0.35,0,8,0,12.6,Paid social,258,880,Experience Collectors
RW-00291,38,215000,West Coast,3,6900,2300,Cultural immersion,4,7,8,7,3,6,5,6,5,6,7,6,8,0.9,1820,7,0.208,0,3,0,17.1,Creator partnership,214,640,Purposeful Explorers
RW-00292,47,156000,Northeast,5,19100,3820,National parks,6,4,6,6,5,6,5,5,8,7,6,4,3,1.0,2950,8,0.144,0,5,0,9.2,Creator partnership,158,1069,Experience Collectors
RW-00293,32,60000,West Coast,3,3060,1020,National parks,4,5,5,6,4,8,6,10,7,8,3,8,2,1.0,770,6,0.053,0,5,0,2.8,Paid social,533,252,Budget Social Travelers
RW-00294,53,192000,Midwest,4,21800,5450,Hiking & trekking,6,3,3,10,4,6,5,5,9,9,6,2,3,0.6,4900,10,0.35,1,8,0,14.0,Referral,70,1394,Experience Collectors
RW-00295,36,52000,Mountain West,3,4620,1540,Cultural immersion,5,6,9,9,3,8,7,9,4,7,5,6,6,1.0,1350,9,0.426,0,6,0,7.9,Paid search,290,718,Purposeful Explorers
RW-00296,60,71000,Midwest,2,2800,1400,National parks,4,7,5,4,4,3,7,5,5,7,4,3,2,0.6,1200,5,0.015,0,2,0,4.8,Referral,49,227,Budget Social Travelers
RW-00297,45,100000,South,1,1600,1600,Camping,4,5,5,5,5,6,6,10,6,9,5,3,5,0.7,1260,8,0.177,0,5,0,3.1,Paid social,324,332,Budget Social Travelers
RW-00298,50,118000,West Coast,2,5680,2840,Cultural immersion,5,6,10,8,4,4,6,6,1,6,7,10,6,1.7,2660,9,0.545,0,7,1,15.1,Organic search,65,2932,Purposeful Explorers
RW-00299,48,105000,West Coast,2,3160,1580,Cultural immersion,8,4,10,7,1,7,5,4,2,9,6,6,7,1.2,1290,9,0.47,0,7,0,27.3,Referral,92,885,Purposeful Explorers
RW-00300,34,35000,Northeast,3,4530,1510,International adventure,5,7,4,6,2,3,7,8,7,7,5,8,5,0.3,1180,6,0.088,0,6,0,11.3,Marketplace/OTA,256,120,Budget Social Travelers
RW-00301,38,103000,Mountain West,4,6760,1690,International adventure,8,5,8,6,4,5,7,7,4,7,7,8,9,1.4,1490,6,0.165,0,3,0,7.4,Paid social,435,775,Purposeful Explorers
RW-00302,34,121000,South,6,35100,5850,Wellness retreat,6,5,7,8,6,5,5,2,8,5,8,3,4,1.3,4740,8,0.152,0,6,2,4.0,Creator partnership,208,2252,Experience Collectors
RW-00303,21,82000,Northeast,9,12510,1390,Backpacking,8,1,5,3,1,5,3,6,5,3,2,8,5,0.8,980,10,0.613,0,8,2,3.2,Paid social,259,574,Adventure Purists
RW-00304,36,79000,Midwest,1,1390,1390,International adventure,8,3,6,3,3,8,4,5,2,4,5,3,4,0.6,1110,8,0.152,0,4,0,0.0,Referral,73,243,Adventure Purists
RW-00305,37,115000,Northeast,1,2910,2910,International adventure,8,5,9,10,4,4,3,4,2,6,4,10,7,1.2,2150,8,0.416,1,7,0,8.8,Email/CRM,54,1352,Purposeful Explorers
RW-00306,39,145000,Mountain West,2,4380,2190,Hiking & trekking,10,4,5,3,4,8,6,5,4,1,2,5,6,0.9,1610,8,0.246,0,4,0,4.8,Organic search,63,595,Adventure Purists
RW-00307,39,207000,South,2,5260,2630,Hiking & trekking,6,7,10,5,4,5,6,5,4,7,5,8,7,1.0,2060,7,0.218,1,5,0,21.2,Paid social,254,816,Purposeful Explorers
RW-00308,21,69000,Northeast,1,1000,1000,Surf,4,3,3,7,2,3,10,9,10,7,4,6,4,0.8,710,9,0.341,1,8,0,4.2,Creator partnership,303,266,Budget Social Travelers
RW-00309,57,124000,Mountain West,2,8200,4100,International adventure,6,8,8,6,5,4,7,3,6,10,10,6,7,1.7,4090,10,0.641,1,8,2,29.1,Referral,50,5355,Restorative Adventurers
RW-00310,62,119000,West Coast,8,25600,3200,Cultural immersion,5,5,8,8,8,3,4,3,9,6,10,3,2,1.4,2820,7,0.058,0,5,0,22.4,Travel advisor,192,1300,Experience Collectors
RW-00311,38,96000,Mountain West,3,4680,1560,Backpacking,10,2,8,3,3,5,1,6,3,3,1,5,3,0.8,980,7,0.086,0,5,1,0.9,Organic search,70,266,Adventure Purists
RW-00312,39,91000,Mountain West,5,7600,1520,Hiking & trekking,6,3,7,5,2,7,4,7,3,4,5,4,3,0.9,1140,8,0.144,0,4,1,6.1,Creator partnership,283,372,Adventure Purists
RW-00313,53,176000,West Coast,4,18080,4520,Surf,6,9,6,6,6,8,4,2,5,8,10,8,7,2.1,4100,7,0.218,1,4,0,35.1,Paid search,268,3410,Restorative Adventurers
RW-00314,37,182000,Mountain West,3,11940,3980,Hiking & trekking,7,9,8,8,5,6,7,2,4,10,9,8,7,1.4,2850,10,0.694,1,5,0,16.8,Referral,53,3393,Restorative Adventurers
RW-00315,47,108000,South,9,56790,6310,International adventure,8,9,7,8,7,3,5,3,4,7,7,9,6,1.9,5450,9,0.515,0,7,0,27.1,Paid social,273,6379,Restorative Adventurers
RW-00316,36,192000,West Coast,3,15630,5210,Wellness retreat,7,7,7,7,8,6,4,3,6,8,8,6,6,1.1,3980,10,0.599,1,7,0,25.8,Paid search,206,3122,Restorative Adventurers
RW-00317,41,111000,West Coast,4,11000,2750,National parks,6,8,6,7,6,7,5,5,5,7,9,8,8,1.4,2090,8,0.401,0,7,2,22.6,Organic search,139,1499,Restorative Adventurers
RW-00318,28,49000,South,1,740,740,Camping,5,7,6,6,4,4,10,10,10,8,6,6,5,1.0,700,8,0.235,0,7,1,0.1,Referral,67,283,Budget Social Travelers
RW-00319,46,144000,Midwest,3,14280,4760,Wellness retreat,9,9,7,8,9,6,8,5,5,7,10,4,7,1.2,3510,8,0.257,0,5,0,22.1,Email/CRM,35,1756,Restorative Adventurers
RW-00320,42,55000,Midwest,2,2020,1010,National parks,4,7,4,6,5,1,7,10,6,7,3,7,3,0.7,700,6,0.056,0,7,1,11.8,Paid search,255,161,Budget Social Travelers
RW-00321,48,114000,Midwest,2,6460,3230,Wellness retreat,4,7,5,2,6,3,6,7,2,6,3,2,3,0.6,2600,9,0.211,0,3,0,6.4,Marketplace/OTA,224,613,Budget Social Travelers
RW-00322,44,77000,Midwest,2,2360,1180,Backpacking,10,4,5,4,1,6,6,4,7,3,6,5,4,0.4,980,8,0.185,0,5,1,10.0,Paid search,211,149,Adventure Purists
RW-00323,50,167000,Northeast,2,7000,3500,Surf,8,10,7,7,6,4,4,3,5,10,9,9,8,1.9,3430,7,0.273,0,8,2,25.0,Referral,65,2774,Restorative Adventurers
RW-00324,31,83000,Mountain West,5,6500,1300,Backpacking,10,5,7,3,3,8,2,6,5,4,3,5,2,0.6,910,7,0.073,0,7,2,6.2,Organic search,80,183,Adventure Purists
RW-00325,26,107000,South,4,8160,2040,International adventure,5,7,6,8,4,4,5,2,7,6,7,9,4,0.8,1540,7,0.154,0,7,0,16.9,Email/CRM,28,452,Purposeful Explorers
RW-00326,31,109000,West Coast,1,2040,2040,International adventure,8,8,3,8,5,3,10,7,8,6,5,7,5,1.0,1400,8,0.257,1,7,0,11.5,Email/CRM,48,584,Budget Social Travelers
RW-00327,49,113000,South,1,1850,1850,Outdoor photography,8,6,9,8,4,5,7,3,4,7,6,8,7,1.1,1260,8,0.359,1,6,1,24.8,Paid search,311,666,Purposeful Explorers
RW-00328,36,77000,Mountain West,3,5010,1670,Backpacking,8,6,5,6,1,8,5,6,5,3,5,3,6,1.2,1110,6,0.06,0,3,0,0.0,Marketplace/OTA,541,439,Adventure Purists
RW-00329,25,64000,South,3,4320,1440,Surf,6,3,5,3,4,3,9,8,8,6,6,8,2,0.9,1080,9,0.314,1,7,3,0.0,Paid social,198,438,Budget Social Travelers
RW-00330,48,131000,Northeast,3,14910,4970,Wellness retreat,6,8,8,7,6,4,4,3,5,9,10,7,9,2.0,4080,10,0.743,1,6,1,25.5,Creator partnership,135,7610,Restorative Adventurers
RW-00331,21,105000,South,4,8960,2240,Hiking & trekking,9,7,7,3,5,2,8,6,6,6,6,5,3,0.9,1750,8,0.16,0,8,0,5.9,Paid search,340,581,Adventure Purists
RW-00332,35,99000,Northeast,1,5430,5430,National parks,7,6,6,9,5,6,7,4,9,7,4,5,6,1.6,4550,7,0.139,0,6,0,15.9,Email/CRM,37,2622,Purposeful Explorers
RW-00333,21,49000,West Coast,1,1330,1330,Hiking & trekking,6,5,6,6,5,1,8,6,9,5,4,7,5,0.7,950,7,0.147,0,4,1,2.0,Creator partnership,201,242,Budget Social Travelers
RW-00334,37,120000,Midwest,2,5360,2680,Cultural immersion,5,2,8,6,2,4,8,2,5,7,6,8,8,0.7,2220,7,0.25,1,9,0,17.5,Paid search,225,641,Purposeful Explorers
RW-00335,51,103000,South,4,7240,1810,International adventure,5,6,7,9,5,6,5,2,8,6,4,4,5,1.5,1480,9,0.327,1,6,0,9.2,Marketplace/OTA,246,1019,Experience Collectors
RW-00336,38,82000,South,3,8880,2960,Hiking & trekking,7,5,6,6,6,3,10,8,7,7,6,6,6,1.1,2510,4,0.022,0,5,0,12.6,Paid social,230,875,Budget Social Travelers
RW-00337,29,81000,Midwest,5,17450,3490,International adventure,5,6,5,7,10,5,5,5,7,8,5,3,3,1.8,3010,9,0.231,0,2,1,8.5,Creator partnership,226,2184,Experience Collectors
RW-00338,22,72000,Northeast,2,2920,1460,Surf,5,5,5,2,7,1,8,8,9,7,4,7,4,0.8,1160,7,0.126,0,7,0,5.1,Referral,61,329,Budget Social Travelers
RW-00339,36,183000,Northeast,8,30800,3850,International adventure,5,4,3,9,6,5,6,4,7,6,6,4,5,1.3,2210,9,0.327,0,6,1,2.6,Marketplace/OTA,587,1319,Experience Collectors
RW-00340,37,72000,Midwest,1,1390,1390,Camping,2,7,1,5,4,5,7,8,8,7,3,6,4,0.8,1030,4,0.015,0,4,1,4.2,Travel advisor,145,259,Budget Social Travelers
RW-00341,58,259000,West Coast,5,35350,7070,National parks,8,5,2,8,7,5,5,1,8,5,7,2,4,1.2,6880,7,0.073,0,3,0,13.3,Email/CRM,46,2761,Experience Collectors
RW-00342,45,101000,Midwest,1,1330,1330,Hiking & trekking,3,6,5,4,4,4,6,8,8,8,6,4,2,0.7,1090,6,0.034,1,3,0,9.0,Organic search,118,245,Budget Social Travelers
RW-00343,44,184000,Midwest,5,14100,2820,National parks,5,5,9,10,2,6,6,4,3,4,4,8,9,1.5,2330,10,0.765,1,7,0,15.1,Organic search,103,3402,Purposeful Explorers
RW-00344,29,174000,South,2,5880,2940,Hiking & trekking,6,6,5,5,8,2,9,7,10,7,6,9,3,0.9,2620,7,0.132,0,8,1,0.0,Creator partnership,144,842,Budget Social Travelers
RW-00345,50,43000,West Coast,7,12180,1740,Cultural immersion,5,4,10,9,6,4,5,6,4,7,6,10,6,0.8,1320,8,0.373,1,8,0,14.2,Organic search,92,518,Purposeful Explorers
RW-00346,32,190000,West Coast,3,7230,2410,International adventure,5,5,10,9,3,3,6,2,4,4,7,9,6,0.9,2240,5,0.061,0,5,0,10.4,Organic search,97,665,Purposeful Explorers
RW-00347,27,73000,Midwest,2,2720,1360,National parks,1,3,2,3,3,3,9,9,6,7,6,5,2,0.5,1180,8,0.137,0,4,0,2.1,Creator partnership,173,212,Budget Social Travelers
RW-00348,42,169000,South,4,17280,4320,Wellness retreat,9,8,8,7,7,4,7,3,5,10,8,7,8,1.4,3800,8,0.373,1,7,1,30.3,Referral,84,2611,Restorative Adventurers
RW-00349,28,105000,South,1,1380,1380,Surf,6,7,4,5,5,4,10,7,8,6,2,7,6,1.3,1030,6,0.093,0,4,0,11.2,Creator partnership,245,458,Budget Social Travelers
RW-00350,42,229000,Northeast,4,29520,7380,International adventure,3,5,5,7,8,4,3,4,10,7,7,5,5,0.6,6500,8,0.214,0,9,1,9.9,Paid social,322,1538,Experience Collectors
RW-00351,28,103000,West Coast,1,1640,1640,Camping,7,7,4,7,3,5,9,8,7,9,4,10,3,1.2,1230,10,0.584,1,6,0,0.0,Paid social,472,1026,Budget Social Travelers
RW-00352,52,86000,West Coast,3,14250,4750,International adventure,6,5,4,8,8,5,1,5,9,7,6,6,2,1.2,4780,9,0.265,1,9,0,4.0,Creator partnership,178,2416,Experience Collectors
RW-00353,27,138000,South,2,4040,2020,Surf,6,3,6,6,4,4,10,5,10,8,8,7,4,0.8,1660,10,0.54,1,9,2,9.0,Referral,38,854,Purposeful Explorers
RW-00354,34,79000,West Coast,3,5760,1920,National parks,6,4,5,3,6,4,7,10,9,7,6,9,3,0.8,1610,5,0.036,0,8,0,0.0,Paid social,328,414,Budget Social Travelers
RW-00355,32,121000,South,6,5160,860,Backpacking,8,3,5,6,1,8,5,4,7,2,5,5,2,0.6,700,5,0.019,0,7,2,0.0,Organic search,110,133,Adventure Purists
RW-00356,47,75000,West Coast,4,6800,1700,Camping,7,3,7,6,4,7,1,4,3,1,3,4,6,0.3,1350,8,0.224,0,5,0,1.0,Organic search,71,162,Adventure Purists
RW-00357,30,238000,Northeast,4,14200,3550,Outdoor photography,6,7,7,8,5,5,6,3,4,7,5,9,7,1.4,2660,6,0.135,0,6,0,16.7,Referral,50,1334,Purposeful Explorers
RW-00358,63,60000,Northeast,3,5850,1950,National parks,5,4,10,9,2,4,8,4,4,8,5,10,5,0.9,1530,10,0.668,1,9,0,12.4,Organic search,66,1115,Purposeful Explorers
RW-00359,54,46000,Mountain West,6,5880,980,Surf,9,4,3,6,2,7,4,6,3,2,5,7,5,0.7,850,5,0.041,0,4,1,0.0,Paid social,286,192,Adventure Purists
RW-00360,29,70000,Mountain West,2,3100,1550,Hiking & trekking,6,5,6,4,3,3,9,6,9,7,6,9,4,0.8,1220,8,0.269,0,8,1,2.4,Creator partnership,202,413,Budget Social Travelers
RW-00361,21,66000,South,1,1390,1390,Wellness retreat,1,5,5,4,2,3,5,7,7,9,3,2,2,0.3,1010,8,0.1,0,3,0,0.0,Paid social,310,104,Budget Social Travelers
RW-00362,46,183000,South,5,14100,2820,International adventure,3,4,4,10,5,5,4,1,8,8,7,4,4,0.9,2140,7,0.091,0,7,1,19.9,Paid social,236,657,Experience Collectors
RW-00363,43,229000,Northeast,2,12500,6250,National parks,5,4,5,10,7,3,6,2,5,7,5,4,4,1.2,3990,6,0.047,0,4,0,22.1,Paid search,342,1558,Experience Collectors
RW-00364,56,125000,South,4,16640,4160,Cultural immersion,5,3,6,9,5,3,4,4,7,7,6,5,5,1.1,3340,6,0.063,0,4,0,12.6,Paid search,338,1215,Experience Collectors
RW-00365,25,67000,Northeast,1,580,580,Camping,5,7,7,4,6,4,9,7,7,9,4,7,2,0.3,700,6,0.047,0,7,0,3.0,Paid search,173,68,Budget Social Travelers
RW-00366,24,97000,Northeast,3,2550,850,Surf,9,4,7,4,2,5,3,6,4,4,3,5,4,1.6,700,6,0.053,0,2,0,0.0,Organic search,81,367,Adventure Purists
RW-00367,44,107000,Northeast,4,9720,2430,National parks,7,6,9,7,4,5,7,5,4,6,7,9,5,1.0,1960,8,0.306,0,8,0,21.9,Paid search,243,873,Purposeful Explorers
RW-00368,29,80000,South,2,2700,1350,Surf,5,1,5,7,4,3,7,9,9,6,3,6,3,1.3,1040,8,0.177,0,6,1,8.3,Referral,75,509,Budget Social Travelers
RW-00369,61,169000,Mountain West,3,13920,4640,Wellness retreat,7,7,10,7,8,8,6,2,6,6,10,4,7,1.8,4410,7,0.147,0,5,0,27.3,Organic search,89,2884,Restorative Adventurers
RW-00370,35,163000,Northeast,2,5220,2610,International adventure,3,5,10,8,3,5,7,3,6,3,8,10,7,0.3,2500,7,0.261,0,6,0,20.4,Paid search,308,314,Purposeful Explorers
RW-00371,50,141000,Midwest,4,8080,2020,Hiking & trekking,7,5,10,8,3,3,6,7,4,4,7,9,4,1.0,1750,10,0.599,1,8,1,4.5,Organic search,80,1248,Purposeful Explorers
RW-00372,38,127000,Midwest,3,7230,2410,Hiking & trekking,7,10,8,5,7,5,4,4,7,9,9,6,10,2.0,2140,8,0.43,0,7,0,21.7,Paid social,295,2295,Restorative Adventurers
RW-00373,28,198000,South,4,17160,4290,Surf,8,9,8,6,7,3,7,4,7,7,7,9,7,1.4,3650,9,0.56,1,9,1,17.8,Paid social,296,3400,Restorative Adventurers
RW-00374,30,129000,West Coast,2,6180,3090,Hiking & trekking,7,10,7,6,4,6,7,3,8,6,10,6,5,1.4,2880,7,0.132,0,6,0,20.8,Organic search,106,1441,Restorative Adventurers
RW-00375,42,150000,South,6,18060,3010,Hiking & trekking,3,5,3,7,10,3,6,5,5,7,6,1,3,1.3,2350,7,0.055,0,3,0,10.2,Organic search,76,1002,Experience Collectors
RW-00376,28,76000,Northeast,3,5100,1700,International adventure,6,4,4,9,5,5,5,4,6,6,4,5,1,1.1,1370,9,0.211,0,9,1,15.4,Paid social,447,592,Experience Collectors
RW-00377,36,63000,Midwest,4,4880,1220,Wellness retreat,2,5,3,5,6,5,7,8,9,8,5,8,3,0.6,860,7,0.119,0,8,2,5.4,Marketplace/OTA,334,182,Budget Social Travelers
RW-00378,21,87000,Midwest,1,1070,1070,Backpacking,10,4,5,5,2,7,3,6,4,4,4,4,5,1.1,880,3,0.007,0,5,0,8.8,Paid social,458,303,Adventure Purists
RW-00379,53,343000,Mountain West,6,20940,3490,National parks,8,8,6,6,5,6,6,3,4,9,10,8,6,1.7,3170,8,0.319,1,5,1,25.2,Marketplace/OTA,143,2444,Restorative Adventurers
RW-00380,21,30000,Midwest,2,1660,830,Hiking & trekking,5,4,5,6,4,6,10,8,8,5,4,7,3,0.7,700,6,0.056,0,6,1,16.8,Creator partnership,246,161,Budget Social Travelers
RW-00381,32,72000,West Coast,6,6780,1130,International adventure,7,3,2,5,3,2,10,9,7,7,5,7,4,1.2,910,7,0.126,0,8,1,0.0,Paid search,473,387,Adventure Purists
RW-00382,41,136000,Midwest,5,19200,3840,National parks,5,6,6,2,7,7,9,7,6,7,4,3,4,0.9,2860,8,0.152,0,3,0,4.4,Paid search,212,941,Budget Social Travelers
RW-00383,35,180000,Northeast,3,6720,2240,Hiking & trekking,5,5,10,8,3,7,4,4,4,7,6,9,4,1.3,1790,8,0.269,0,7,0,13.1,Referral,64,985,Purposeful Explorers
RW-00384,40,79000,West Coast,1,1500,1500,Backpacking,9,5,5,6,4,6,3,5,1,1,2,5,5,0.6,1170,9,0.354,0,5,0,8.2,Organic search,66,335,Adventure Purists
RW-00385,40,159000,West Coast,4,15360,3840,Surf,7,9,6,4,8,5,5,4,6,9,9,7,9,1.1,3090,10,0.743,1,5,1,18.6,Paid search,232,3170,Restorative Adventurers
RW-00386,28,71000,Mountain West,2,2000,1000,Camping,3,7,5,5,6,5,7,9,7,7,6,3,2,0.8,900,8,0.111,0,6,3,0.5,Paid social,268,251,Budget Social Travelers
RW-00387,25,77000,South,1,1130,1130,Camping,5,3,8,6,2,4,10,7,10,7,7,7,4,0.9,860,9,0.368,0,7,1,7.1,Paid search,323,377,Budget Social Travelers
RW-00388,42,209000,South,6,8460,1410,Wellness retreat,5,7,5,4,5,3,7,9,9,8,4,5,6,1.1,1270,5,0.038,0,5,0,5.1,Paid social,328,450,Budget Social Travelers
RW-00389,37,158000,Northeast,1,5500,5500,International adventure,5,4,7,9,6,4,6,5,8,5,4,8,2,1.4,4620,10,0.48,1,7,2,11.9,Paid search,287,3758,Purposeful Explorers
RW-00390,41,118000,Midwest,2,5000,2500,National parks,5,6,7,5,6,6,4,7,6,3,6,7,7,0.9,2020,6,0.109,0,3,0,15.6,Email/CRM,31,633,Budget Social Travelers
RW-00391,25,68000,Midwest,1,1710,1710,Camping,6,6,4,4,4,1,9,8,10,7,6,8,5,1.4,1560,9,0.44,0,10,1,16.8,Paid search,229,1190,Budget Social Travelers
RW-00392,49,103000,South,6,20220,3370,Outdoor photography,3,4,3,9,6,5,4,4,8,7,4,4,4,0.3,2530,5,0.024,0,1,0,6.3,Paid social,401,241,Experience Collectors
RW-00393,32,44000,Midwest,5,6550,1310,Camping,6,4,6,8,6,4,6,8,10,8,5,5,2,1.1,910,10,0.392,1,5,0,0.2,Referral,68,505,Experience Collectors
RW-00394,27,69000,West Coast,3,3240,1080,Surf,7,2,4,6,3,1,9,7,10,6,5,6,3,1.2,880,7,0.096,0,6,0,0.6,Referral,83,362,Adventure Purists
RW-00395,48,155000,South,6,16260,2710,Cultural immersion,7,3,6,9,5,5,5,2,8,6,7,4,4,1.2,2190,7,0.091,0,7,0,10.5,Creator partnership,226,896,Experience Collectors
RW-00396,45,127000,Mountain West,7,12180,1740,Backpacking,8,1,9,4,3,8,5,5,4,4,2,3,4,0.8,1250,9,0.265,0,2,2,1.5,Organic search,65,421,Adventure Purists
RW-00397,32,55000,Midwest,3,4620,1540,National parks,5,7,10,10,6,4,5,6,6,7,6,7,7,1.3,1090,6,0.109,1,4,0,7.3,Paid social,329,493,Purposeful Explorers
RW-00398,42,113000,Northeast,3,10140,3380,International adventure,7,6,6,7,4,4,5,5,6,8,9,8,5,1.4,2700,9,0.44,0,5,1,27.7,Creator partnership,204,2059,Purposeful Explorers
RW-00399,53,40000,Midwest,6,7860,1310,Backpacking,9,4,5,5,2,8,3,6,1,1,5,5,5,1.0,800,7,0.119,0,5,0,6.8,Marketplace/OTA,359,282,Adventure Purists
RW-00400,42,157000,South,3,6480,2160,Hiking & trekking,9,4,7,3,2,8,3,5,5,3,4,4,5,0.3,1830,10,0.495,1,6,0,6.0,Referral,39,327,Adventure Purists
RW-00401,37,120000,Northeast,2,7400,3700,Hiking & trekking,4,5,4,7,8,4,6,2,6,9,10,7,6,2.1,3280,10,0.627,1,7,1,27.0,Travel advisor,232,5171,Restorative Adventurers
RW-00402,41,82000,South,3,3210,1070,Camping,4,5,5,6,7,3,6,7,9,8,4,3,3,1.1,710,7,0.069,0,6,0,0.0,Marketplace/OTA,269,260,Budget Social Travelers
RW-00403,38,159000,Mountain West,2,3900,1950,Cultural immersion,8,4,7,10,4,5,7,7,5,7,4,7,8,1.1,1140,9,0.545,1,8,0,5.9,Creator partnership,298,813,Purposeful Explorers
RW-00404,30,88000,South,7,25270,3610,National parks,8,6,4,9,9,4,5,3,9,9,6,5,6,1.5,3060,7,0.139,0,8,0,11.8,Email/CRM,38,1653,Experience Collectors
RW-00405,46,59000,West Coast,3,4080,1360,National parks,4,9,3,4,5,3,6,8,5,8,6,5,3,0.8,1280,8,0.16,0,7,0,0.0,Paid search,207,378,Budget Social Travelers
RW-00406,35,129000,West Coast,3,6780,2260,International adventure,7,8,10,6,3,6,5,5,6,8,6,9,7,1.5,1720,10,0.719,0,7,2,11.2,Organic search,92,2300,Purposeful Explorers
RW-00407,37,238000,Northeast,6,18180,3030,Wellness retreat,8,10,6,5,7,7,4,3,6,10,6,5,8,1.2,2400,8,0.319,1,6,2,30.5,Email/CRM,75,1306,Restorative Adventurers
RW-00408,30,168000,Mountain West,1,3170,3170,Outdoor photography,6,4,10,9,2,5,7,3,4,6,8,9,6,0.8,2640,10,0.681,1,10,1,17.7,Creator partnership,232,1753,Purposeful Explorers
RW-00409,37,173000,West Coast,1,5590,5590,Cultural immersion,8,5,6,8,10,7,7,5,8,8,7,6,5,1.8,4500,9,0.382,0,9,0,13.5,Marketplace/OTA,236,4032,Restorative Adventurers
RW-00410,54,47000,South,1,1510,1510,Wellness retreat,2,5,6,6,6,2,6,8,5,7,3,2,5,0.7,1070,8,0.16,0,4,2,0.0,Organic search,99,276,Budget Social Travelers
RW-00411,27,44000,West Coast,1,820,820,Surf,3,5,4,7,6,1,10,10,10,5,6,6,4,0.7,700,5,0.03,0,6,2,3.4,Creator partnership,187,157,Budget Social Travelers
RW-00412,36,127000,Northeast,2,4720,2360,National parks,6,8,4,7,3,1,8,5,7,6,3,7,5,0.5,1920,9,0.411,0,10,3,11.0,Paid social,408,499,Budget Social Travelers
RW-00413,39,201000,Northeast,3,13110,4370,Cultural immersion,6,3,7,7,6,4,2,5,6,7,3,5,4,1.4,3090,7,0.102,0,7,1,12.1,Organic search,82,1493,Experience Collectors
RW-00414,40,64000,Mountain West,3,2880,960,Cultural immersion,5,7,10,6,2,8,5,10,4,7,6,10,8,1.0,810,8,0.46,0,8,0,16.2,Paid search,315,455,Purposeful Explorers
RW-00415,41,113000,West Coast,5,11300,2260,Outdoor photography,6,6,6,6,5,4,4,4,7,7,4,1,4,1.7,1890,7,0.065,0,6,0,14.1,Paid search,352,1066,Experience Collectors
RW-00416,35,145000,Midwest,4,13400,3350,Surf,6,9,9,6,6,6,7,4,6,10,10,7,6,1.7,3140,9,0.455,1,5,1,19.0,Paid search,262,2978,Restorative Adventurers
RW-00417,32,101000,South,5,26950,5390,Outdoor photography,7,4,6,9,4,5,6,7,6,6,7,5,5,1.2,5030,5,0.032,1,4,0,1.3,Travel advisor,211,1934,Experience Collectors
RW-00418,32,71000,Midwest,4,7880,1970,National parks,7,4,8,8,6,5,5,4,5,6,5,8,6,0.6,1510,8,0.319,0,7,0,16.2,Organic search,75,411,Purposeful Explorers
RW-00419,38,73000,Northeast,12,52200,4350,Wellness retreat,8,3,3,9,7,2,7,6,4,5,2,8,3,1.1,3430,8,0.214,1,4,1,15.2,Paid social,368,1488,Experience Collectors
RW-00420,66,116000,West Coast,2,3140,1570,National parks,4,5,6,5,5,3,5,7,6,6,4,4,2,0.7,1190,7,0.065,0,6,0,0.0,Paid search,254,276,Budget Social Travelers
RW-00421,23,66000,Midwest,4,4080,1020,Camping,4,2,3,7,3,3,9,4,7,8,2,6,1,1.0,790,9,0.231,0,7,0,10.7,Paid social,183,318,Budget Social Travelers
RW-00422,37,133000,Northeast,8,29520,3690,Cultural immersion,7,6,7,9,7,3,5,4,8,6,8,5,4,1.3,3080,8,0.185,1,6,0,12.8,Marketplace/OTA,229,1523,Experience Collectors
RW-00423,51,120000,West Coast,7,24080,3440,International adventure,4,4,4,6,6,6,4,2,6,7,3,2,2,1.1,1970,6,0.027,0,5,1,29.7,Creator partnership,255,690,Experience Collectors
RW-00424,51,88000,Mountain West,3,11640,3880,Hiking & trekking,6,4,5,9,7,2,6,7,8,7,7,4,6,0.8,3160,7,0.126,0,5,1,8.1,Organic search,92,896,Experience Collectors
RW-00425,32,37000,Mountain West,2,2040,1020,International adventure,6,6,1,6,4,3,8,7,8,6,6,7,4,0.3,820,9,0.368,0,6,2,2.2,Paid search,412,120,Budget Social Travelers
RW-00426,44,106000,Midwest,3,6630,2210,Cultural immersion,9,5,10,5,2,7,8,4,4,4,5,9,6,1.1,1640,8,0.345,0,9,3,29.6,Organic search,128,850,Purposeful Explorers
RW-00427,45,107000,Mountain West,3,8130,2710,Wellness retreat,8,9,8,6,5,6,8,4,8,7,8,9,7,1.6,2560,9,0.56,1,7,0,17.8,Email/CRM,51,2726,Restorative Adventurers
RW-00428,35,161000,West Coast,3,10170,3390,Cultural immersion,6,4,8,8,3,3,7,2,4,7,6,9,6,1.0,1900,5,0.061,0,6,1,12.3,Creator partnership,230,627,Purposeful Explorers
RW-00429,43,168000,South,3,10050,3350,International adventure,6,5,5,10,8,6,6,4,9,7,5,2,4,0.9,2410,9,0.242,0,6,0,14.7,Paid social,244,887,Experience Collectors
RW-00430,21,176000,West Coast,2,9040,4520,International adventure,4,5,9,7,4,3,5,2,4,8,4,8,7,1.4,3600,8,0.359,1,6,0,20.8,Paid search,298,2423,Purposeful Explorers
RW-00431,52,73000,Mountain West,4,6680,1670,National parks,4,4,4,4,5,3,4,7,7,7,6,3,2,0.4,1580,6,0.03,0,6,0,2.5,Paid social,341,202,Budget Social Travelers
RW-00432,44,83000,South,5,8250,1650,Outdoor photography,5,6,9,10,1,7,5,2,3,7,5,8,6,0.9,1310,9,0.485,1,5,2,9.7,Organic search,101,691,Purposeful Explorers
RW-00433,35,67000,Northeast,6,14880,2480,National parks,6,7,6,5,5,6,8,8,9,4,5,8,2,0.7,2240,7,0.102,0,9,0,0.0,Paid social,403,541,Budget Social Travelers
RW-00434,44,92000,Northeast,4,13520,3380,Cultural immersion,7,4,6,10,2,4,7,6,5,5,8,6,4,1.0,3110,10,0.51,0,8,2,22.9,Referral,76,1900,Purposeful Explorers
RW-00435,40,126000,West Coast,6,26160,4360,Hiking & trekking,3,6,6,8,7,7,4,3,6,8,7,6,3,0.7,3560,6,0.05,0,4,0,30.6,Paid social,312,813,Experience Collectors
RW-00436,45,103000,West Coast,4,10200,2550,International adventure,6,5,5,8,7,4,5,3,8,6,10,3,4,1.3,2130,7,0.082,1,4,0,14.8,Referral,76,935,Experience Collectors
RW-00437,37,121000,Midwest,5,17500,3500,International adventure,9,3,4,9,5,5,6,4,6,6,3,4,5,1.1,2560,10,0.495,0,9,1,12.4,Organic search,62,1677,Experience Collectors
RW-00438,48,133000,Northeast,3,3150,1050,Hiking & trekking,8,3,6,4,2,9,3,8,2,2,3,3,3,0.5,700,9,0.231,1,3,0,1.4,Paid social,263,141,Adventure Purists
RW-00439,36,96000,Midwest,1,1240,1240,Surf,4,5,6,7,4,3,10,7,8,7,3,7,5,0.5,890,6,0.079,0,6,0,12.3,Creator partnership,111,150,Budget Social Travelers
RW-00440,42,76000,Northeast,3,3750,1250,Camping,6,8,4,6,4,4,10,9,6,6,2,8,6,0.6,970,8,0.319,0,8,0,0.0,Organic search,94,264,Budget Social Travelers
RW-00441,61,263000,South,3,9600,3200,National parks,6,6,8,10,2,3,7,2,5,7,5,8,6,0.9,2500,10,0.655,0,9,1,24.6,Referral,44,1777,Purposeful Explorers
RW-00442,34,204000,South,6,21300,3550,Hiking & trekking,6,5,3,10,8,6,7,1,6,9,7,3,3,1.0,2620,8,0.13,1,7,2,9.3,Travel advisor,184,934,Experience Collectors
RW-00443,25,54000,South,3,4260,1420,Camping,6,4,5,4,6,3,7,9,9,4,6,6,1,1.1,1060,6,0.036,0,5,0,0.0,Paid social,201,375,Budget Social Travelers
RW-00444,36,176000,West Coast,6,19620,3270,Cultural immersion,8,4,6,7,7,4,6,4,7,8,3,3,3,0.9,2080,8,0.13,0,5,2,22.0,Creator partnership,206,667,Experience Collectors
RW-00445,40,217000,South,2,10040,5020,National parks,8,7,7,7,9,6,5,4,4,10,10,7,8,1.3,4660,10,0.707,1,9,0,29.6,Referral,94,5276,Restorative Adventurers
RW-00446,24,58000,Midwest,3,2370,790,Surf,5,7,6,8,4,4,8,7,8,7,4,6,3,1.1,700,7,0.096,1,6,0,0.0,Referral,51,264,Budget Social Travelers
RW-00447,36,101000,Northeast,4,7080,1770,National parks,7,3,3,6,4,2,7,6,8,8,5,3,3,0.9,1320,5,0.018,0,6,1,0.0,Paid social,335,375,Adventure Purists
RW-00448,34,66000,Mountain West,1,750,750,Surf,6,7,4,4,3,3,6,5,10,6,5,10,4,0.8,700,10,0.627,1,9,1,2.5,Paid social,391,420,Budget Social Travelers
RW-00449,38,139000,West Coast,8,54640,6830,Outdoor photography,6,7,5,9,8,6,5,2,7,6,7,6,3,1.3,6360,8,0.177,0,7,0,7.4,Organic search,145,3112,Experience Collectors
RW-00450,35,63000,West Coast,5,4950,990,Hiking & trekking,6,5,5,3,2,4,10,6,9,9,4,7,3,1.0,750,10,0.495,1,10,0,14.2,Creator partnership,203,447,Adventure Purists
RW-00451,34,177000,Midwest,6,28560,4760,International adventure,5,4,7,7,8,4,4,4,8,6,6,4,4,1.4,3440,8,0.168,0,5,1,15.4,Paid search,241,1794,Experience Collectors
RW-00452,38,88000,Mountain West,4,10200,2550,National parks,5,7,10,10,3,5,7,5,6,8,5,8,6,1.1,2220,10,0.655,1,7,1,18.3,Paid social,335,1929,Purposeful Explorers
RW-00453,24,48000,Mountain West,5,5650,1130,Surf,7,3,6,7,6,1,10,9,6,7,5,5,5,0.7,880,9,0.354,0,8,0,0.0,Paid social,452,294,Adventure Purists
RW-00454,45,100000,South,7,24780,3540,International adventure,6,1,5,8,5,4,5,4,10,6,6,3,3,0.7,2840,7,0.069,0,6,0,10.0,Organic search,96,662,Experience Collectors
RW-00455,51,147000,Northeast,5,10850,2170,Cultural immersion,4,5,3,8,5,3,4,3,5,7,5,2,3,0.6,1860,9,0.211,0,7,1,12.5,Paid social,352,438,Experience Collectors
RW-00456,30,152000,Mountain West,4,13720,3430,International adventure,4,7,6,10,6,5,5,2,9,7,7,1,2,1.4,3100,10,0.285,0,4,0,5.9,Creator partnership,181,1878,Experience Collectors
RW-00457,54,164000,Northeast,3,5550,1850,Hiking & trekking,3,4,4,7,6,5,4,9,2,8,3,3,1,1.1,1320,8,0.094,0,3,0,11.9,Paid social,421,497,Budget Social Travelers
RW-00458,50,78000,West Coast,9,14310,1590,Backpacking,7,1,7,6,3,7,3,3,3,3,6,3,5,0.9,1130,8,0.177,0,5,2,12.5,Creator partnership,206,383,Experience Collectors
RW-00459,40,130000,West Coast,5,9100,1820,National parks,5,10,9,8,4,7,6,6,5,8,6,10,6,1.8,1380,10,0.707,0,6,0,2.8,Paid social,577,2163,Purposeful Explorers
RW-00460,32,70000,South,2,2600,1300,Camping,5,4,3,4,3,1,6,5,9,8,4,8,4,1.7,1070,7,0.139,0,9,0,15.1,Paid social,335,655,Budget Social Travelers
RW-00461,45,47000,West Coast,3,2610,870,Surf,7,2,6,6,4,3,8,8,9,7,5,7,3,1.0,700,7,0.107,0,6,0,11.4,Paid social,327,243,Adventure Purists
RW-00462,44,125000,West Coast,4,17240,4310,Cultural immersion,7,7,4,10,6,6,3,3,6,10,4,2,4,0.6,3530,9,0.242,0,6,1,21.7,Referral,62,866,Experience Collectors
RW-00463,62,97000,South,3,4920,1640,Camping,5,7,4,4,3,4,7,9,2,5,3,5,3,1.0,1120,8,0.16,0,2,0,4.5,Organic search,93,413,Budget Social Travelers
RW-00464,44,144000,Northeast,3,12660,4220,Wellness retreat,7,7,8,5,9,6,6,4,5,10,9,7,6,1.5,3380,10,0.627,1,8,3,23.6,Referral,71,3806,Restorative Adventurers
RW-00465,30,98000,West Coast,5,8800,1760,National parks,6,6,5,8,5,1,8,10,9,6,6,8,2,0.7,1860,9,0.314,0,6,1,3.4,Paid search,375,587,Budget Social Travelers
RW-00466,35,101000,West Coast,3,2850,950,Surf,8,6,7,4,7,5,7,8,10,6,4,7,2,1.2,700,10,0.45,1,8,0,0.0,Creator partnership,193,465,Budget Social Travelers
RW-00467,38,52000,Northeast,1,1160,1160,Hiking & trekking,5,5,6,5,4,2,10,8,8,8,4,8,2,1.3,900,7,0.102,0,10,1,0.0,Referral,60,404,Budget Social Travelers
RW-00468,35,87000,South,1,1480,1480,Camping,4,7,3,3,5,3,6,8,9,7,2,4,6,0.8,1050,9,0.368,1,6,1,0.0,Paid social,266,409,Budget Social Travelers
RW-00469,42,167000,West Coast,6,29100,4850,Outdoor photography,7,7,5,9,8,4,6,6,8,7,8,4,4,1.3,4250,6,0.047,0,6,0,9.5,Travel advisor,215,1798,Experience Collectors
RW-00470,48,82000,West Coast,2,3560,1780,Hiking & trekking,10,3,6,7,3,6,2,7,2,3,6,8,1,1.4,1270,7,0.086,0,2,0,0.0,Paid search,283,603,Adventure Purists
RW-00471,43,112000,Mountain West,4,6520,1630,Hiking & trekking,10,2,6,7,2,7,3,6,5,4,4,5,1,0.6,1550,6,0.032,0,4,0,3.5,Referral,43,298,Adventure Purists
RW-00472,23,113000,West Coast,2,3740,1870,Backpacking,10,6,8,6,3,5,3,7,6,5,1,4,5,1.3,1340,8,0.195,0,5,1,0.0,Paid search,311,670,Adventure Purists
RW-00473,47,113000,South,6,12600,2100,Cultural immersion,4,3,4,8,7,3,3,5,8,7,5,5,3,1.7,1760,10,0.435,1,8,1,4.7,Organic search,78,1617,Experience Collectors
RW-00474,44,171000,West Coast,5,25600,5120,National parks,7,6,7,10,9,3,4,4,8,4,4,3,4,1.7,4420,7,0.082,0,7,0,20.3,Paid search,188,2536,Experience Collectors
RW-00475,44,203000,Northeast,3,10860,3620,Surf,8,10,4,5,6,5,7,5,5,8,7,10,5,2.0,2320,10,0.668,1,6,0,20.8,Creator partnership,177,3758,Restorative Adventurers
RW-00476,38,223000,West Coast,6,23280,3880,National parks,7,10,8,7,7,5,8,2,4,6,8,8,5,1.6,3040,8,0.281,0,6,1,28.6,Paid search,207,2093,Restorative Adventurers
RW-00477,35,78000,South,3,2490,830,Camping,8,4,7,5,3,5,4,8,3,3,3,4,4,0.5,700,7,0.091,1,5,0,0.0,Creator partnership,241,119,Adventure Purists
RW-00478,44,57000,South,4,5440,1360,Camping,5,5,4,8,4,1,10,6,8,8,6,7,3,0.6,1120,7,0.107,0,6,0,1.4,Paid social,339,233,Budget Social Travelers
RW-00479,30,63000,Northeast,1,1390,1390,National parks,4,7,4,6,4,7,9,8,7,5,6,7,4,0.4,1180,8,0.224,0,8,1,14.0,Organic search,84,189,Budget Social Travelers
RW-00480,38,57000,South,2,1840,920,Hiking & trekking,9,2,5,5,2,8,5,6,2,2,2,5,3,0.3,700,8,0.16,0,8,2,0.0,Marketplace/OTA,254,77,Adventure Purists
RW-00481,34,187000,South,6,18000,3000,Camping,7,1,5,3,4,5,4,6,5,3,4,4,4,1.1,2270,8,0.168,0,5,0,0.0,Paid social,500,930,Adventure Purists
RW-00482,29,180000,Northeast,4,15880,3970,Hiking & trekking,7,8,9,4,6,7,8,5,3,6,10,8,8,1.6,3070,7,0.25,0,6,0,26.0,Travel advisor,289,2028,Restorative Adventurers
RW-00483,37,71000,South,6,7200,1200,Camping,6,5,8,5,3,3,8,7,8,5,3,9,3,0.5,830,6,0.07,0,5,0,1.0,Paid search,381,138,Purposeful Explorers
RW-00484,29,355000,Northeast,3,20340,6780,Wellness retreat,7,9,7,6,7,7,3,2,8,8,8,7,7,2.0,5330,10,0.668,0,7,1,16.9,Referral,91,8633,Restorative Adventurers
RW-00485,31,173000,West Coast,4,20600,5150,Cultural immersion,5,3,4,8,8,5,5,3,7,6,8,6,5,1.4,4570,7,0.132,0,8,1,10.6,Travel advisor,239,2286,Experience Collectors
RW-00486,35,129000,West Coast,1,1490,1490,Hiking & trekking,8,4,5,4,2,5,3,4,2,6,2,3,4,1.0,1120,6,0.042,0,4,0,5.3,Organic search,93,363,Adventure Purists
RW-00487,49,100000,Mountain West,3,8700,2900,International adventure,9,4,7,4,3,7,2,6,1,4,2,4,3,1.1,2120,9,0.254,0,8,3,1.4,Organic search,66,967,Adventure Purists
RW-00488,65,95000,West Coast,3,10110,3370,National parks,9,9,5,6,6,4,5,3,3,10,8,8,6,1.3,2940,10,0.655,0,6,0,31.9,Travel advisor,275,3019,Restorative Adventurers
RW-00489,24,78000,Midwest,4,4560,1140,Camping,5,4,4,9,4,3,8,8,8,5,5,4,3,0.7,910,6,0.04,0,4,0,0.0,Creator partnership,178,206,Budget Social Travelers
RW-00490,29,83000,South,2,2640,1320,Camping,8,5,6,5,4,4,9,9,9,8,4,6,2,0.9,940,6,0.042,0,6,0,3.9,Paid social,268,274,Budget Social Travelers
RW-00491,26,83000,South,4,8320,2080,Hiking & trekking,5,8,4,6,5,4,8,9,7,4,5,6,3,0.3,1930,9,0.302,0,9,2,0.0,Referral,46,256,Budget Social Travelers
RW-00492,21,118000,West Coast,1,1340,1340,National parks,5,6,6,8,4,4,8,7,6,8,7,5,3,0.8,1040,8,0.16,0,7,0,4.3,Referral,35,307,Budget Social Travelers
RW-00493,21,73000,Northeast,4,7760,1940,Surf,7,4,6,7,6,1,9,8,9,7,5,7,2,0.8,1490,10,0.45,0,5,1,0.0,Referral,87,660,Budget Social Travelers
RW-00494,53,127000,South,3,15420,5140,Hiking & trekking,6,8,7,6,6,5,6,2,4,8,8,8,5,1.0,4410,10,0.613,0,7,3,21.9,Travel advisor,327,3227,Restorative Adventurers
RW-00495,43,91000,West Coast,3,7770,2590,National parks,6,7,9,9,5,4,4,6,6,7,5,10,6,0.3,2010,10,0.707,1,7,0,17.4,Referral,91,525,Purposeful Explorers
RW-00496,32,47000,West Coast,3,4740,1580,Camping,7,5,5,7,4,4,6,8,9,7,8,7,4,1.0,1250,5,0.034,0,7,0,19.7,Paid search,228,401,Budget Social Travelers
RW-00497,28,100000,South,3,2910,970,Backpacking,9,3,8,6,1,6,4,6,4,4,1,4,2,1.0,700,7,0.065,0,4,0,1.6,Paid search,427,232,Adventure Purists
RW-00498,32,43000,Northeast,1,650,650,National parks,7,6,4,4,3,2,7,10,9,6,5,9,5,1.1,700,5,0.051,0,5,0,0.0,Paid social,311,252,Budget Social Travelers
RW-00499,52,152000,Mountain West,4,23080,5770,Wellness retreat,7,10,9,7,9,7,5,2,2,7,9,4,6,2.0,6000,9,0.368,0,6,0,34.6,Referral,115,5848,Restorative Adventurers
RW-00500,42,116000,West Coast,4,9600,2400,Backpacking,7,4,7,6,2,8,3,6,5,1,4,4,1,0.9,1870,7,0.055,0,5,0,1.4,Organic search,75,552,Adventure Purists
RW-00501,23,122000,Midwest,2,3420,1710,Hiking & trekking,7,4,4,7,6,2,8,5,10,8,5,7,2,1.0,1140,8,0.168,0,7,0,17.6,Paid social,487,425,Budget Social Travelers
RW-00502,48,122000,West Coast,4,11720,2930,Hiking & trekking,4,8,9,9,3,5,6,6,4,4,6,8,7,1.1,2410,8,0.359,1,9,0,8.3,Organic search,83,1274,Purposeful Explorers
RW-00503,35,115000,Mountain West,1,1380,1380,Camping,3,4,4,5,3,4,5,6,8,6,6,4,6,0.5,1140,6,0.067,0,5,0,0.0,Paid search,381,189,Budget Social Travelers
RW-00504,38,120000,West Coast,3,3720,1240,Surf,8,3,4,6,1,7,3,5,3,3,1,3,5,0.7,800,6,0.05,1,2,0,14.6,Referral,63,183,Adventure Purists
RW-00505,27,49000,Mountain West,4,5480,1370,Backpacking,8,5,7,7,1,6,4,8,4,2,3,4,4,0.7,1110,7,0.091,0,7,0,0.0,Paid search,252,265,Adventure Purists
RW-00506,48,80000,Mountain West,1,1620,1620,Cultural immersion,6,4,8,6,3,2,8,7,2,7,7,10,4,1.5,1430,9,0.455,1,7,0,15.1,Paid search,342,1197,Purposeful Explorers
RW-00507,36,340000,West Coast,3,22200,7400,National parks,5,8,8,9,6,8,8,1,6,7,10,7,8,1.4,6970,10,0.707,1,9,3,17.2,Paid social,407,8498,Restorative Adventurers
RW-00508,41,80000,West Coast,3,3000,1000,Hiking & trekking,6,3,9,10,4,4,5,7,4,7,4,8,7,0.9,790,5,0.064,0,7,0,3.7,Paid search,263,236,Purposeful Explorers
RW-00509,25,85000,West Coast,4,6320,1580,Backpacking,10,5,8,5,6,8,4,8,4,2,4,4,6,0.6,1200,10,0.54,1,5,1,0.0,Paid social,386,463,Adventure Purists
RW-00510,33,57000,South,3,12960,4320,Hiking & trekking,6,5,5,8,7,7,7,6,7,8,6,3,5,1.3,2820,7,0.096,1,4,0,13.2,Creator partnership,263,1257,Experience Collectors
RW-00511,44,212000,Midwest,6,26040,4340,Cultural immersion,6,3,5,6,9,5,4,4,8,7,9,4,5,1.9,3590,9,0.327,0,7,0,17.8,Creator partnership,213,3132,Experience Collectors
RW-00512,38,93000,Northeast,4,8640,2160,Outdoor photography,6,6,8,9,3,6,6,3,4,7,7,10,9,1.3,1870,8,0.505,0,7,1,17.2,Referral,66,1472,Purposeful Explorers
RW-00513,53,55000,South,4,6640,1660,Cultural immersion,7,4,3,10,8,4,4,3,10,1,8,2,3,0.3,1510,8,0.117,0,6,2,16.4,Referral,79,159,Experience Collectors
RW-00514,41,293000,South,4,25840,6460,Hiking & trekking,8,10,5,4,5,8,8,3,4,6,6,7,6,1.7,6210,10,0.627,1,6,1,25.5,Paid search,216,7926,Restorative Adventurers
RW-00515,34,249000,Mountain West,4,25760,6440,Surf,6,9,10,8,5,4,4,5,3,10,10,6,6,1.1,6200,10,0.599,1,7,0,20.9,Email/CRM,41,4863,Restorative Adventurers
RW-00516,24,119000,Northeast,9,26550,2950,International adventure,6,4,5,10,7,6,4,3,9,7,5,5,3,0.9,2150,7,0.086,0,5,0,0.4,Travel advisor,277,656,Experience Collectors
RW-00517,31,128000,Northeast,1,2620,2620,Wellness retreat,6,8,5,3,7,7,5,1,6,8,9,7,5,1.5,2540,9,0.411,0,7,3,13.3,Referral,85,1982,Restorative Adventurers
RW-00518,38,85000,Mountain West,1,1070,1070,National parks,6,4,2,6,4,3,10,7,8,7,5,7,5,1.5,890,6,0.079,0,7,1,0.0,Creator partnership,203,449,Budget Social Travelers
RW-00519,47,201000,Northeast,5,18800,3760,International adventure,7,6,7,10,9,4,7,1,6,9,6,7,2,1.4,3520,9,0.289,0,7,0,19.4,Paid search,281,2144,Experience Collectors
RW-00520,46,88000,South,1,2020,2020,National parks,5,9,6,9,4,4,8,6,4,7,5,8,5,1.5,1620,9,0.44,0,6,2,11.1,Email/CRM,36,1324,Purposeful Explorers
RW-00521,37,95000,West Coast,4,12840,3210,National parks,8,9,10,5,4,3,5,5,5,8,6,7,6,1.0,2530,8,0.293,0,9,0,9.3,Creator partnership,186,1107,Restorative Adventurers
RW-00522,36,133000,Northeast,4,16800,4200,National parks,6,10,7,8,6,6,4,2,4,10,9,5,6,1.0,3530,9,0.397,0,4,0,28.3,Email/CRM,38,1796,Restorative Adventurers
RW-00523,55,131000,Northeast,5,24800,4960,International adventure,6,6,4,6,7,4,1,5,7,4,6,2,3,1.0,3960,8,0.117,0,6,1,11.4,Organic search,73,1390,Experience Collectors
RW-00524,22,77000,West Coast,1,890,890,Camping,6,5,5,4,4,1,10,9,9,5,5,7,4,1.3,700,6,0.067,0,8,2,4.4,Referral,68,302,Budget Social Travelers
RW-00525,43,91000,Mountain West,1,1660,1660,Outdoor photography,6,5,6,10,7,3,3,7,10,9,8,4,4,1.5,1420,7,0.091,0,6,1,8.4,Travel advisor,213,726,Budget Social Travelers
RW-00526,52,127000,West Coast,3,15240,5080,Wellness retreat,7,9,6,4,7,7,5,4,3,9,8,4,7,1.4,3840,8,0.257,1,4,1,11.3,Organic search,124,2241,Restorative Adventurers
RW-00527,31,101000,West Coast,2,2860,1430,Camping,5,6,4,3,5,2,8,8,7,9,2,5,4,0.5,940,7,0.102,0,3,0,0.0,Paid search,253,162,Budget Social Travelers
RW-00528,41,52000,Mountain West,1,1600,1600,Wellness retreat,6,7,4,3,8,3,4,8,4,8,5,6,5,0.5,1430,6,0.07,0,5,1,0.6,Organic search,69,238,Budget Social Travelers
RW-00529,25,124000,Midwest,1,1750,1750,Cultural immersion,4,5,10,9,1,4,6,5,7,3,9,8,6,0.9,1670,5,0.054,0,5,0,17.6,Creator partnership,181,493,Purposeful Explorers
RW-00530,48,128000,Mountain West,8,37040,4630,Wellness retreat,5,8,6,10,4,7,5,3,5,9,9,9,10,1.2,3860,8,0.52,0,5,1,21.8,Referral,59,2878,Restorative Adventurers
RW-00531,31,83000,South,1,1740,1740,Surf,9,7,5,6,4,4,8,7,8,5,5,6,4,1.0,1250,9,0.341,1,9,0,7.4,Organic search,60,585,Budget Social Travelers
RW-00532,27,76000,Midwest,3,5130,1710,Camping,8,6,4,6,6,2,9,6,8,4,3,9,6,0.6,1130,7,0.208,0,8,0,6.1,Organic search,121,265,Budget Social Travelers
RW-00533,33,266000,West Coast,5,19700,3940,Surf,4,10,7,6,8,4,7,3,6,8,9,7,7,1.1,3440,8,0.332,0,8,2,30.2,Email/CRM,43,1748,Restorative Adventurers
RW-00534,30,83000,South,4,6000,1500,Camping,7,4,2,8,4,2,8,7,9,8,4,9,3,0.7,1170,7,0.132,0,8,0,4.9,Paid social,320,293,Budget Social Travelers
RW-00535,49,102000,Northeast,5,15550,3110,International adventure,4,3,1,8,6,6,8,4,7,3,7,6,3,1.1,2870,6,0.05,0,4,0,12.1,Paid social,228,1030,Experience Collectors
RW-00536,38,201000,Northeast,4,29200,7300,International adventure,9,4,5,9,8,1,5,1,9,8,6,2,4,1.1,5750,8,0.137,0,5,1,5.5,Travel advisor,224,2272,Experience Collectors
RW-00537,21,82000,West Coast,6,9000,1500,Backpacking,8,1,6,4,3,8,4,5,6,3,2,4,4,0.7,980,6,0.047,0,5,0,0.0,Creator partnership,186,223,Adventure Purists
RW-00538,43,78000,Northeast,6,22080,3680,International adventure,6,3,5,6,9,6,3,5,6,6,6,5,2,1.0,3010,8,0.137,0,5,1,13.2,Paid search,296,1081,Experience Collectors
RW-00539,29,208000,Midwest,8,48800,6100,Wellness retreat,6,6,4,10,7,4,4,1,8,3,6,6,1,0.9,5350,5,0.018,0,4,1,7.0,Paid social,507,1520,Experience Collectors
RW-00540,23,192000,West Coast,1,2430,2430,Cultural immersion,6,5,7,9,5,4,4,2,3,7,4,10,6,1.4,1520,10,0.707,1,7,4,16.1,Referral,91,1853,Purposeful Explorers
RW-00541,51,119000,South,2,4900,2450,National parks,4,3,4,6,5,4,5,7,5,8,2,3,4,0.3,1610,7,0.082,1,1,0,0.0,Marketplace/OTA,236,163,Budget Social Travelers
RW-00542,34,64000,West Coast,2,2080,1040,Hiking & trekking,7,6,5,6,6,3,10,10,10,9,4,6,4,0.4,790,7,0.113,0,8,0,7.2,Paid social,256,110,Budget Social Travelers
RW-00543,35,87000,Northeast,2,3080,1540,International adventure,7,7,8,8,4,6,7,4,4,7,7,8,5,1.3,1190,9,0.44,0,7,2,13.6,Organic search,75,843,Purposeful Explorers
RW-00544,63,77000,South,3,3360,1120,National parks,3,8,5,5,6,4,5,9,6,7,8,4,2,0.7,1000,10,0.364,1,8,0,17.1,Paid social,184,339,Budget Social Travelers
RW-00545,23,142000,Midwest,6,17160,2860,Cultural immersion,3,6,7,9,9,4,5,3,9,7,8,4,5,0.9,2060,9,0.327,1,7,0,11.9,Paid social,377,851,Experience Collectors
RW-00546,39,90000,Mountain West,2,3740,1870,International adventure,9,1,9,5,4,5,3,6,5,3,2,5,5,0.3,1420,8,0.214,1,6,0,2.8,Referral,54,168,Adventure Purists
RW-00547,34,122000,Midwest,5,7400,1480,Camping,9,6,4,4,4,7,2,7,3,2,3,8,4,0.4,1130,6,0.074,0,5,0,5.5,Paid search,274,151,Adventure Purists
RW-00548,52,99000,West Coast,4,8080,2020,Wellness retreat,4,6,5,8,4,7,6,5,8,8,6,5,3,1.2,1580,7,0.086,0,6,0,12.9,Travel advisor,193,643,Experience Collectors
RW-00549,39,77000,West Coast,3,5130,1710,International adventure,6,6,10,7,4,6,5,5,1,7,8,8,9,1.1,1690,10,0.765,1,6,2,18.4,Marketplace/OTA,399,1810,Purposeful Explorers
RW-00550,28,54000,West Coast,4,6640,1660,Backpacking,9,5,7,6,4,6,2,7,2,3,2,6,4,0.7,1120,4,0.015,0,3,2,6.1,Marketplace/OTA,265,247,Adventure Purists
RW-00551,21,62000,Mountain West,6,6960,1160,Camping,9,1,5,4,2,6,4,9,2,3,4,7,4,0.3,940,8,0.224,0,6,0,6.5,Email/CRM,52,113,Adventure Purists
RW-00552,35,120000,Mountain West,4,23400,5850,International adventure,7,3,5,9,7,4,7,4,6,7,5,6,3,0.8,4950,10,0.465,0,8,2,19.2,Travel advisor,167,2245,Experience Collectors
RW-00553,40,105000,West Coast,5,19200,3840,Wellness retreat,6,1,4,7,7,4,5,3,6,7,5,7,2,1.4,3020,5,0.024,0,4,0,8.7,Paid search,271,1343,Experience Collectors
RW-00554,57,128000,South,1,1640,1640,Hiking & trekking,4,7,5,3,6,3,6,6,4,7,2,3,5,0.3,1170,8,0.177,0,5,0,0.0,Paid search,245,132,Budget Social Travelers
RW-00555,32,191000,Mountain West,7,31640,4520,Wellness retreat,3,2,2,7,6,4,4,3,10,6,5,4,4,1.3,4060,7,0.091,0,5,0,22.3,Paid social,404,1800,Experience Collectors
RW-00556,38,153000,West Coast,1,4210,4210,Hiking & trekking,8,10,8,8,5,6,4,3,4,7,7,3,7,1.3,3260,6,0.07,0,6,1,20.4,Creator partnership,192,1413,Restorative Adventurers
RW-00557,47,159000,Northeast,3,11970,3990,Hiking & trekking,4,10,9,8,7,7,2,2,4,7,7,6,8,0.6,2960,9,0.515,1,5,0,19.0,Organic search,88,1094,Restorative Adventurers
RW-00558,39,76000,Mountain West,5,8250,1650,Hiking & trekking,7,1,7,5,5,10,3,5,5,4,2,4,4,0.3,1250,6,0.047,0,6,1,3.4,Marketplace/OTA,219,122,Adventure Purists
RW-00559,34,101000,Northeast,3,4770,1590,National parks,7,5,5,4,4,3,9,4,10,8,6,10,4,1.0,1280,8,0.293,0,6,0,9.3,Referral,47,560,Purposeful Explorers
RW-00560,33,100000,Mountain West,3,2340,780,Backpacking,8,3,7,6,4,7,1,6,2,3,3,7,2,0.7,700,8,0.168,0,8,1,0.8,Organic search,84,183,Adventure Purists
RW-00561,31,183000,West Coast,5,18850,3770,Hiking & trekking,7,6,3,8,10,5,6,4,10,4,4,3,6,1.5,2390,7,0.113,0,8,4,18.5,Paid search,270,1253,Experience Collectors
RW-00562,36,211000,West Coast,3,20730,6910,Hiking & trekking,8,3,7,6,6,5,3,3,5,6,10,8,8,1.0,6460,9,0.574,1,6,2,28.4,Paid social,348,4411,Restorative Adventurers
RW-00563,63,105000,Midwest,1,5060,5060,Cultural immersion,8,6,8,6,5,6,4,7,3,8,5,8,7,1.3,3670,9,0.53,0,7,0,23.8,Paid social,296,3015,Purposeful Explorers
RW-00564,33,61000,Mountain West,1,960,960,International adventure,4,5,5,4,6,4,10,8,9,7,2,7,4,1.0,700,9,0.368,0,10,1,2.6,Paid social,504,341,Budget Social Travelers
RW-00565,32,54000,South,3,3690,1230,Hiking & trekking,6,5,3,5,4,1,7,7,10,5,5,6,4,1.2,1000,6,0.06,0,5,0,0.4,Marketplace/OTA,259,396,Budget Social Travelers
RW-00566,21,42000,South,2,1920,960,Surf,8,2,5,4,5,2,7,8,5,5,3,8,4,1.0,700,7,0.139,0,6,0,2.6,Paid social,257,252,Budget Social Travelers
RW-00567,37,80000,West Coast,2,2240,1120,National parks,5,7,10,6,1,5,4,4,4,5,5,8,5,1.4,870,10,0.613,0,8,2,16.5,Creator partnership,183,891,Purposeful Explorers
RW-00568,42,84000,West Coast,6,21300,3550,Outdoor photography,5,4,6,6,7,4,4,4,9,7,5,3,3,0.7,2290,6,0.036,0,5,0,10.2,Paid social,378,515,Experience Collectors
RW-00569,42,97000,Midwest,2,4860,2430,Hiking & trekking,9,9,6,6,9,5,4,2,6,10,6,6,6,1.7,1750,10,0.599,1,8,0,22.9,Email/CRM,27,2121,Restorative Adventurers
RW-00570,29,124000,Mountain West,5,7650,1530,Backpacking,10,2,9,4,3,7,5,5,4,3,3,5,5,0.8,1200,9,0.354,0,5,1,13.8,Paid search,291,458,Adventure Purists
RW-00571,44,168000,Mountain West,2,6420,3210,Hiking & trekking,7,9,8,5,7,3,5,2,7,8,9,9,10,1.5,2360,10,0.815,1,10,0,22.0,Travel advisor,215,3796,Restorative Adventurers
RW-00572,38,62000,Mountain West,1,1170,1170,Outdoor photography,5,10,10,8,2,4,6,3,7,8,5,10,5,1.1,1040,10,0.668,0,9,0,4.8,Paid search,314,926,Purposeful Explorers
RW-00573,26,160000,West Coast,4,10480,2620,Backpacking,10,3,7,6,3,7,2,5,5,4,3,6,6,0.7,1880,7,0.154,1,5,1,0.0,Paid search,276,482,Adventure Purists
RW-00574,34,148000,Midwest,2,5060,2530,National parks,6,8,10,8,4,4,4,5,7,7,5,10,6,1.2,1950,7,0.228,0,6,0,4.7,Referral,43,939,Purposeful Explorers
RW-00575,44,108000,West Coast,2,6740,3370,National parks,10,9,9,8,1,6,4,3,6,6,6,8,3,1.3,2480,7,0.119,0,4,0,16.0,Marketplace/OTA,354,1135,Purposeful Explorers
RW-00576,33,87000,West Coast,9,15300,1700,Camping,10,3,5,3,2,8,3,6,3,4,6,5,7,0.3,1130,7,0.162,0,3,0,3.6,Marketplace/OTA,382,125,Adventure Purists
RW-00577,51,92000,West Coast,1,1330,1330,National parks,4,7,5,9,1,4,5,7,5,7,4,4,2,0.4,1130,6,0.034,1,3,0,3.7,Paid social,364,145,Budget Social Travelers
RW-00578,36,67000,South,4,7320,1830,National parks,7,1,5,4,5,2,9,7,9,5,5,8,4,1.3,1440,10,0.57,0,8,1,3.3,Referral,54,1267,Adventure Purists
RW-00579,41,111000,South,3,8580,2860,Cultural immersion,7,3,10,10,4,7,7,5,3,5,7,9,8,0.9,2660,7,0.273,1,5,0,20.2,Travel advisor,232,1019,Purposeful Explorers
RW-00580,44,116000,West Coast,5,11500,2300,Wellness retreat,9,8,8,8,9,6,6,5,4,10,8,8,7,1.0,1730,10,0.694,1,6,1,29.6,Organic search,62,1471,Restorative Adventurers
RW-00581,39,124000,Mountain West,5,10750,2150,Camping,10,3,5,5,3,6,4,7,3,3,4,4,3,1.3,1660,6,0.04,0,7,0,5.0,Email/CRM,27,697,Adventure Purists
RW-00582,32,119000,Midwest,4,6720,1680,Camping,6,5,6,5,3,6,3,5,5,1,4,6,3,0.3,1320,8,0.177,0,6,0,15.2,Creator partnership,242,149,Adventure Purists
RW-00583,37,127000,South,5,13800,2760,International adventure,7,3,2,10,6,2,3,2,10,9,8,5,3,0.5,2530,7,0.086,0,6,0,7.7,Creator partnership,201,429,Experience Collectors
RW-00584,24,113000,Mountain West,3,7800,2600,Backpacking,8,6,5,6,3,8,1,5,3,4,3,5,3,0.5,1920,7,0.086,0,6,1,0.0,Organic search,62,326,Adventure Purists
RW-00585,48,114000,Northeast,3,7980,2660,Hiking & trekking,7,7,5,3,4,3,8,7,7,8,6,5,4,0.6,1960,7,0.102,0,6,0,2.6,Marketplace/OTA,213,406,Budget Social Travelers
RW-00586,23,108000,West Coast,1,1310,1310,National parks,6,5,6,5,3,1,9,8,10,7,4,7,3,1.3,980,10,0.495,1,7,4,2.4,Paid social,334,759,Budget Social Travelers
RW-00587,47,110000,Northeast,4,21160,5290,International adventure,5,7,4,10,7,3,2,3,7,8,6,2,5,1.1,4630,10,0.435,1,6,1,4.9,Paid social,395,2752,Experience Collectors
RW-00588,43,150000,Midwest,3,11970,3990,Wellness retreat,7,9,8,6,7,6,4,5,5,8,7,5,7,1.6,3220,10,0.613,1,6,2,15.0,Referral,54,3770,Restorative Adventurers
RW-00589,48,219000,Midwest,6,53700,8950,International adventure,6,6,4,7,4,6,2,3,7,4,7,4,1,2.1,7250,8,0.105,0,7,1,15.2,Paid social,221,5275,Experience Collectors
RW-00590,47,94000,West Coast,6,23580,3930,International adventure,7,5,7,9,6,5,3,4,9,4,3,4,7,1.5,3000,6,0.079,0,7,0,8.4,Paid social,493,1514,Experience Collectors
RW-00591,51,73000,Midwest,2,3300,1650,Camping,5,3,4,5,5,2,4,9,7,7,3,1,2,1.5,1280,7,0.047,0,4,2,0.3,Marketplace/OTA,460,624,Budget Social Travelers
RW-00592,34,94000,Mountain West,2,3680,1840,Backpacking,9,3,8,3,5,5,4,7,2,2,4,2,4,0.4,960,4,0.01,0,3,0,0.0,Organic search,75,120,Adventure Purists
RW-00593,36,137000,Mountain West,3,22890,7630,Hiking & trekking,9,9,8,5,9,4,4,5,7,8,10,7,8,1.1,6150,8,0.373,1,7,1,19.2,Paid search,234,3320,Restorative Adventurers
RW-00594,28,62000,Midwest,2,2700,1350,Camping,8,4,3,5,4,3,10,8,9,9,2,7,3,0.5,790,5,0.029,0,6,0,4.1,Creator partnership,218,126,Budget Social Travelers
RW-00595,46,242000,West Coast,4,17520,4380,Wellness retreat,4,4,6,8,8,5,3,1,8,5,7,3,7,0.9,3900,5,0.036,0,6,0,22.4,Referral,45,1129,Experience Collectors
RW-00596,37,135000,Northeast,1,3480,3480,Wellness retreat,6,9,7,7,6,5,4,4,8,7,7,6,7,1.7,2810,6,0.098,0,5,1,28.0,Organic search,109,1642,Restorative Adventurers
RW-00597,27,46000,West Coast,4,5120,1280,National parks,6,3,6,7,5,2,6,10,8,9,6,9,3,0.7,1240,8,0.235,0,8,1,0.0,Creator partnership,235,352,Budget Social Travelers
RW-00598,31,79000,West Coast,4,5960,1490,National parks,7,4,7,4,6,1,8,9,7,6,1,7,3,0.9,1080,7,0.107,0,6,0,0.0,Paid social,350,337,Adventure Purists
RW-00599,52,48000,Midwest,1,860,860,Hiking & trekking,2,5,5,3,2,3,10,9,5,8,5,3,2,0.6,840,7,0.058,0,5,0,0.0,Paid social,188,166,Budget Social Travelers
RW-00600,26,58000,South,3,4200,1400,National parks,6,6,5,2,6,4,8,8,8,4,5,7,5,0.7,1110,8,0.257,0,7,1,8.6,Paid search,335,324,Budget Social Travelers
RW-00601,44,84000,Midwest,7,7560,1080,Camping,10,2,8,3,1,8,5,8,3,3,3,4,4,1.3,850,8,0.168,0,7,1,0.0,Referral,43,412,Adventure Purists
RW-00602,32,57000,South,2,5980,2990,Cultural immersion,7,8,10,6,5,4,6,7,3,6,5,10,5,1.5,2260,7,0.198,0,5,1,13.2,Travel advisor,209,1310,Purposeful Explorers
RW-00603,61,93000,South,1,1170,1170,Camping,6,7,1,7,4,4,5,6,6,8,4,4,4,0.6,750,5,0.024,0,4,0,3.9,Paid social,271,143,Budget Social Travelers
RW-00604,28,118000,Northeast,1,1720,1720,Hiking & trekking,7,6,5,3,4,5,9,6,7,5,6,10,3,0.8,1430,6,0.079,0,9,0,0.0,Marketplace/OTA,280,385,Budget Social Travelers
RW-00605,47,107000,Mountain West,4,8400,2100,Wellness retreat,5,5,4,4,4,4,10,9,7,8,5,5,6,0.3,1490,8,0.246,0,7,0,2.9,Paid social,228,184,Budget Social Travelers
RW-00606,28,87000,Mountain West,4,7680,1920,Outdoor photography,7,5,8,8,4,4,5,5,4,6,7,8,7,0.7,1550,10,0.694,1,8,0,17.1,Creator partnership,173,923,Purposeful Explorers
RW-00607,34,67000,West Coast,5,6600,1320,Hiking & trekking,6,8,7,10,4,3,5,6,7,6,8,7,7,1.1,890,8,0.332,0,6,0,12.8,Organic search,139,452,Purposeful Explorers
RW-00608,58,143000,Northeast,3,5850,1950,Hiking & trekking,4,4,4,9,6,4,5,5,5,4,6,4,1,1.2,1440,5,0.014,0,4,1,7.9,Creator partnership,256,543,Experience Collectors
RW-00609,39,102000,Northeast,5,6450,1290,National parks,7,6,6,5,6,3,10,8,10,8,7,6,4,1.0,1290,9,0.341,1,10,0,10.8,Referral,101,604,Budget Social Travelers
RW-00610,35,68000,South,3,5490,1830,Hiking & trekking,9,4,4,6,4,5,4,7,5,3,4,6,3,0.9,1260,9,0.302,0,6,2,0.0,Paid social,304,502,Adventure Purists
RW-00611,21,48000,Mountain West,4,4880,1220,Hiking & trekking,8,6,3,5,3,3,10,9,10,7,3,7,4,0.9,1000,9,0.368,0,9,1,0.0,Paid social,292,439,Budget Social Travelers
RW-00612,29,68000,West Coast,2,2980,1490,International adventure,8,4,4,4,2,3,6,6,10,6,4,9,3,0.9,1170,10,0.555,1,9,1,15.2,Creator partnership,294,695,Adventure Purists
RW-00613,50,65000,West Coast,1,1160,1160,Camping,5,7,4,4,3,1,8,9,3,8,6,6,5,1.2,1130,4,0.018,0,2,0,6.1,Paid social,415,428,Budget Social Travelers
RW-00614,43,73000,Northeast,3,2790,930,National parks,4,8,5,2,3,4,6,8,8,7,3,2,3,0.3,700,4,0.008,0,3,0,5.5,Paid social,388,66,Budget Social Travelers
RW-00615,32,177000,Northeast,3,12510,4170,Hiking & trekking,4,8,7,5,7,6,4,1,4,9,7,5,9,1.4,3660,10,0.694,1,7,0,17.8,Paid search,368,4357,Restorative Adventurers
RW-00616,22,57000,West Coast,2,2740,1370,Hiking & trekking,5,6,5,8,4,2,10,8,7,6,6,8,5,0.6,1020,6,0.088,0,4,0,11.0,Paid search,245,208,Budget Social Travelers
RW-00617,33,50000,South,1,1170,1170,Hiking & trekking,6,6,8,7,6,4,10,8,8,6,6,9,5,1.1,890,5,0.051,0,7,0,1.6,Paid social,231,320,Purposeful Explorers
RW-00618,29,177000,South,7,34650,4950,Surf,7,10,7,6,8,5,5,2,5,8,8,5,6,1.3,4460,10,0.57,1,5,1,35.1,Paid search,328,3925,Restorative Adventurers
RW-00619,34,100000,West Coast,2,4380,2190,International adventure,5,5,7,7,6,4,3,2,6,7,5,8,4,1.4,1580,7,0.139,0,5,0,9.0,Creator partnership,196,797,Purposeful Explorers
RW-00620,44,117000,West Coast,7,45780,6540,International adventure,7,7,4,7,9,7,1,3,8,7,6,4,3,0.6,5360,7,0.077,0,8,2,15.0,Referral,58,1080,Experience Collectors
RW-00621,30,104000,South,4,7600,1900,Cultural immersion,8,8,10,8,3,6,8,5,3,5,7,8,8,1.4,1550,9,0.574,0,5,1,19.8,Organic search,84,1482,Purposeful Explorers
RW-00622,36,66000,South,3,4950,1650,Camping,10,5,6,4,2,7,1,10,6,5,4,5,2,0.6,1340,9,0.242,0,5,1,0.0,Organic search,74,329,Adventure Purists
RW-00623,48,38000,Northeast,3,4890,1630,National parks,5,6,4,7,6,4,6,10,8,7,6,6,3,1.3,1320,10,0.465,1,10,1,8.3,Paid social,309,973,Budget Social Travelers
RW-00624,32,106000,Mountain West,2,4000,2000,Hiking & trekking,10,3,6,5,4,5,6,7,3,5,3,5,4,0.6,1720,10,0.48,1,8,0,7.4,Referral,90,600,Adventure Purists
RW-00625,44,74000,South,1,1280,1280,Hiking & trekking,4,5,5,4,1,1,5,8,6,9,4,5,4,0.3,940,7,0.102,0,5,1,0.0,Paid social,231,97,Budget Social Travelers
RW-00626,27,93000,Midwest,4,5120,1280,Camping,9,4,5,4,2,6,1,7,3,2,3,3,1,0.9,910,8,0.094,0,5,1,9.6,Creator partnership,223,280,Adventure Purists
RW-00627,36,110000,Midwest,1,2120,2120,Cultural immersion,4,7,10,8,3,5,8,6,4,7,7,9,7,0.7,1880,6,0.135,0,4,0,16.9,Referral,59,471,Purposeful Explorers
RW-00628,54,112000,Midwest,3,9360,3120,International adventure,4,5,6,10,9,4,3,3,6,4,5,3,3,1.6,2660,7,0.069,0,6,1,9.5,Marketplace/OTA,282,1417,Experience Collectors
RW-00629,25,71000,West Coast,4,4960,1240,Camping,8,5,3,5,2,3,9,7,7,5,7,6,4,1.1,840,10,0.51,1,8,1,3.1,Creator partnership,138,564,Adventure Purists
RW-00630,39,110000,West Coast,2,4400,2200,Cultural immersion,7,5,9,8,3,6,6,4,3,5,5,9,7,1.4,1640,9,0.56,1,7,0,8.7,Organic search,106,1528,Purposeful Explorers
RW-00631,34,52000,West Coast,3,2790,930,National parks,3,6,6,5,5,2,6,10,7,10,7,4,5,0.9,900,10,0.495,1,7,0,0.0,Paid social,245,482,Budget Social Travelers
RW-00632,33,85000,Midwest,1,1990,1990,Cultural immersion,7,5,10,9,4,4,7,6,3,8,2,6,8,1.2,1230,7,0.208,0,6,0,15.9,Organic search,69,577,Purposeful Explorers
RW-00633,55,96000,West Coast,6,20460,3410,National parks,3,6,3,8,8,4,4,5,6,8,3,5,3,1.0,2200,4,0.011,0,3,0,12.1,Organic search,91,690,Experience Collectors
RW-00634,40,154000,West Coast,1,3910,3910,International adventure,9,9,9,7,8,6,5,5,6,10,8,6,8,1.4,3100,10,0.681,0,6,0,20.7,Travel advisor,175,3602,Restorative Adventurers
RW-00635,31,149000,West Coast,4,19360,4840,Cultural immersion,7,6,7,10,6,6,4,4,10,7,7,4,5,1.1,3920,8,0.195,0,8,0,18.7,Travel advisor,269,1659,Experience Collectors
RW-00636,41,98000,Northeast,8,44160,5520,Hiking & trekking,5,3,4,8,7,3,7,6,8,6,6,6,4,1.1,4320,9,0.341,0,6,0,11.9,Creator partnership,274,2224,Experience Collectors
RW-00637,29,94000,Midwest,5,5900,1180,Hiking & trekking,6,5,7,6,2,1,6,7,7,10,8,8,3,0.6,970,8,0.214,0,8,1,14.0,Marketplace/OTA,324,229,Purposeful Explorers
RW-00638,21,70000,South,2,2280,1140,Surf,4,6,5,5,2,4,8,7,7,9,4,7,4,0.4,920,7,0.126,1,5,0,12.0,Paid social,441,130,Budget Social Travelers
RW-00639,53,80000,South,3,6570,2190,International adventure,8,5,10,5,2,6,6,4,4,8,7,8,6,1.6,1720,10,0.655,0,6,1,5.5,Paid social,438,2174,Purposeful Explorers
RW-00640,50,99000,Northeast,3,6060,2020,Hiking & trekking,5,7,10,8,6,5,3,6,4,5,7,7,9,1.3,1560,7,0.261,0,5,1,15.9,Email/CRM,40,850,Purposeful Explorers
RW-00641,37,61000,South,2,1900,950,International adventure,5,4,5,4,5,4,9,9,8,6,5,10,1,1.3,790,8,0.195,0,9,0,8.6,Paid search,214,395,Budget Social Travelers
RW-00642,36,118000,South,3,5220,1740,Hiking & trekking,5,7,9,8,3,3,3,3,1,6,6,9,7,1.0,1360,10,0.719,1,8,1,13.9,Creator partnership,149,1212,Purposeful Explorers
RW-00643,56,72000,Northeast,8,23600,2950,International adventure,5,6,4,7,6,4,4,4,8,6,6,4,3,1.5,2470,10,0.406,1,9,1,13.5,Paid social,469,1913,Experience Collectors
RW-00644,48,186000,West Coast,3,13740,4580,Wellness retreat,8,9,10,6,7,3,6,5,4,7,9,6,7,2.3,3470,10,0.641,1,6,0,27.2,Organic search,83,6147,Restorative Adventurers
RW-00645,29,36000,Midwest,2,2740,1370,Camping,5,7,7,7,2,4,10,8,10,4,4,9,2,1.5,1100,6,0.06,0,9,0,10.5,Paid social,265,544,Purposeful Explorers
RW-00646,28,87000,West Coast,5,8000,1600,National parks,5,8,6,7,5,6,5,6,4,7,7,7,6,1.2,1250,10,0.627,0,7,0,14.2,Paid social,289,1126,Restorative Adventurers
RW-00647,49,128000,Northeast,5,17050,3410,Wellness retreat,3,4,5,10,6,5,6,4,4,4,5,4,4,0.8,2660,5,0.024,0,5,0,14.0,Travel advisor,261,676,Experience Collectors
RW-00648,27,83000,Northeast,6,9480,1580,Surf,9,2,7,6,3,9,2,7,5,1,3,5,4,0.4,1210,8,0.185,0,6,0,0.0,Organic search,95,184,Adventure Purists
RW-00649,30,58000,South,1,2230,2230,Surf,5,6,8,7,5,1,6,9,7,7,2,7,4,1.0,1500,8,0.224,0,5,1,0.0,Creator partnership,231,599,Budget Social Travelers
RW-00650,46,81000,Mountain West,5,16600,3320,International adventure,5,1,5,9,6,5,4,5,8,6,4,2,5,0.5,2370,6,0.045,0,3,0,1.8,Referral,92,385,Experience Collectors
RW-00651,21,118000,Northeast,1,2300,2300,Hiking & trekking,7,3,8,5,2,8,4,8,2,3,3,4,3,0.9,1690,9,0.254,0,7,1,5.6,Creator partnership,159,631,Adventure Purists
RW-00652,38,78000,Northeast,6,13080,2180,International adventure,7,8,9,8,4,5,4,5,5,6,5,8,5,1.2,1990,7,0.162,0,8,0,15.9,Referral,46,884,Purposeful Explorers
RW-00653,34,86000,Northeast,1,1160,1160,Surf,5,5,5,3,4,3,7,8,10,7,5,8,1,0.8,960,8,0.16,0,9,1,4.8,Creator partnership,210,283,Budget Social Travelers
RW-00654,30,125000,Midwest,4,15320,3830,Hiking & trekking,6,9,7,6,6,7,4,5,5,9,9,7,8,1.1,3150,6,0.128,0,3,0,27.2,Travel advisor,171,1232,Restorative Adventurers
RW-00655,37,79000,Midwest,5,9500,1900,Cultural immersion,7,5,6,9,2,5,6,5,4,4,7,8,6,1.8,1620,10,0.655,0,7,0,15.7,Creator partnership,214,2303,Purposeful Explorers
RW-00656,43,205000,West Coast,8,25760,3220,Surf,7,10,7,9,6,6,5,3,5,10,9,8,6,1.5,3000,10,0.655,1,5,2,22.7,Organic search,82,3554,Restorative Adventurers
RW-00657,37,85000,South,6,19080,3180,Cultural immersion,5,7,6,9,6,5,5,7,4,7,8,9,7,1.1,2220,10,0.719,1,6,1,20.9,Travel advisor,197,2177,Restorative Adventurers
RW-00658,47,154000,Northeast,3,11820,3940,Wellness retreat,8,10,8,6,8,4,5,1,7,9,8,8,6,1.7,3660,10,0.655,1,9,1,22.3,Paid social,388,4915,Restorative Adventurers
RW-00659,21,47000,Midwest,1,1350,1350,National parks,7,7,6,6,3,4,10,7,10,8,2,8,2,1.3,1040,9,0.314,0,7,1,0.0,Email/CRM,35,609,Budget Social Travelers
RW-00660,46,89000,South,6,9120,1520,Hiking & trekking,5,2,7,5,1,9,4,8,3,3,4,4,5,0.6,1210,6,0.056,0,4,0,0.4,Paid social,397,238,Adventure Purists
RW-00661,26,141000,Northeast,7,33740,4820,Hiking & trekking,7,8,6,6,8,2,7,3,4,9,8,8,8,1.1,4250,10,0.731,0,6,0,23.3,Organic search,109,4263,Restorative Adventurers
RW-00662,34,91000,West Coast,2,7040,3520,National parks,9,7,10,10,5,3,6,4,5,5,7,10,6,1.1,2930,9,0.545,1,9,0,15.0,Organic search,68,2090,Purposeful Explorers
RW-00663,42,114000,South,1,3080,3080,International adventure,5,2,4,9,6,5,4,1,8,7,6,2,2,1.2,2790,6,0.027,0,5,0,17.6,Creator partnership,215,1066,Experience Collectors
RW-00664,41,108000,West Coast,4,12240,3060,Cultural immersion,7,3,6,10,6,7,3,6,5,7,8,1,1,0.4,2460,8,0.076,0,5,0,12.2,Paid social,432,330,Experience Collectors
RW-00665,39,128000,Northeast,2,8980,4490,International adventure,10,10,8,6,6,7,5,3,7,9,10,6,7,0.8,4520,10,0.641,0,10,0,27.9,Paid search,321,2785,Restorative Adventurers
RW-00666,25,109000,Northeast,3,6570,2190,National parks,5,3,4,6,3,3,10,7,9,8,4,8,3,1.1,1280,9,0.354,1,8,0,0.0,Paid social,240,672,Budget Social Travelers
RW-00667,28,74000,Northeast,1,1290,1290,National parks,7,6,10,7,2,6,6,5,2,6,8,9,9,1.0,1090,7,0.31,1,5,0,15.1,Referral,65,488,Purposeful Explorers
RW-00668,57,92000,Midwest,3,3450,1150,Wellness retreat,4,3,3,5,6,4,5,9,6,9,3,2,1,0.6,700,6,0.022,0,2,0,16.8,Paid search,303,133,Budget Social Travelers
RW-00669,54,153000,South,5,26500,5300,Wellness retreat,6,9,8,7,6,6,7,5,3,10,8,8,6,1.2,5310,10,0.655,1,9,1,16.1,Creator partnership,288,5033,Restorative Adventurers
RW-00670,39,71000,Mountain West,1,1020,1020,Backpacking,10,3,8,3,5,5,3,4,3,1,3,4,6,1.0,760,5,0.034,0,5,0,8.1,Paid search,429,244,Adventure Purists
RW-00671,47,110000,Northeast,4,15480,3870,Hiking & trekking,4,5,4,7,5,5,4,1,6,7,6,5,7,1.0,3020,6,0.088,0,8,0,20.6,Organic search,95,1026,Experience Collectors
RW-00672,30,60000,West Coast,1,950,950,Hiking & trekking,8,4,4,5,4,3,9,6,10,5,3,6,8,0.8,720,9,0.515,0,6,0,6.2,Paid social,357,355,Budget Social Travelers
RW-00673,63,87000,South,1,810,810,Camping,4,6,5,4,4,5,7,9,6,4,3,3,3,0.4,700,4,0.009,0,6,0,8.2,Paid search,241,88,Budget Social Travelers
RW-00674,21,77000,Northeast,1,700,700,Hiking & trekking,4,4,3,8,3,4,10,8,7,9,5,9,4,1.2,700,8,0.269,0,7,0,1.1,Organic search,100,356,Budget Social Travelers
RW-00675,21,63000,West Coast,1,1940,1940,Camping,5,6,4,8,4,3,9,7,8,6,4,6,5,0.6,1420,10,0.555,1,7,0,3.4,Paid social,373,562,Budget Social Travelers
RW-00676,36,87000,Midwest,6,6660,1110,Hiking & trekking,8,3,5,6,1,6,2,7,5,3,6,6,6,1.0,840,6,0.083,0,5,0,9.3,Paid search,354,284,Adventure Purists
RW-00677,47,78000,Midwest,2,2640,1320,Camping,4,7,3,1,6,1,6,8,6,6,4,5,2,1.0,850,6,0.038,0,5,0,0.0,Paid search,248,274,Budget Social Travelers
RW-00678,38,124000,Midwest,5,6950,1390,Camping,6,4,6,4,3,7,5,6,5,4,7,5,4,0.6,1040,9,0.314,0,7,0,2.0,Paid search,205,281,Adventure Purists
RW-00679,42,275000,South,6,33060,5510,International adventure,8,5,6,8,7,1,3,3,6,7,4,2,3,1.5,3490,10,0.35,0,5,0,17.2,Email/CRM,35,2483,Experience Collectors
RW-00680,45,300000,Midwest,3,14610,4870,Hiking & trekking,8,10,7,5,5,6,4,3,5,9,8,7,9,1.7,3940,8,0.416,0,5,0,16.4,Email/CRM,43,3510,Restorative Adventurers
RW-00681,44,148000,South,7,53550,7650,Wellness retreat,5,5,6,8,7,5,5,4,7,6,6,6,4,1.3,5700,8,0.204,0,8,2,11.6,Paid social,345,2886,Experience Collectors
RW-00682,45,157000,Mountain West,4,21200,5300,International adventure,5,7,5,6,9,5,4,4,9,7,6,4,3,1.5,4480,8,0.144,0,6,1,19.0,Paid social,374,2434,Experience Collectors
RW-00683,38,82000,Northeast,5,22550,4510,Wellness retreat,8,3,4,8,6,5,3,4,10,8,7,4,5,1.3,3850,10,0.495,1,6,1,11.0,Paid search,283,2981,Experience Collectors
RW-00684,38,68000,Northeast,1,980,980,Hiking & trekking,10,6,5,4,1,8,3,6,2,1,3,5,3,0.3,840,6,0.045,0,4,0,9.7,Organic search,76,82,Adventure Purists
RW-00685,24,49000,South,2,2440,1220,Surf,6,7,6,5,5,4,10,10,9,8,2,8,2,0.7,700,8,0.185,0,8,0,0.0,Paid social,332,186,Budget Social Travelers
RW-00686,26,162000,West Coast,5,22700,4540,Wellness retreat,8,10,8,7,8,7,5,3,8,9,10,6,8,1.3,4690,8,0.345,0,10,0,32.5,Creator partnership,198,2873,Restorative Adventurers
RW-00687,28,102000,West Coast,3,2310,770,Backpacking,10,3,6,3,1,6,1,4,4,1,4,7,3,0.7,700,8,0.195,0,5,0,0.0,Organic search,87,189,Adventure Purists
RW-00688,51,119000,Midwest,2,3600,1800,National parks,4,6,5,4,4,5,5,6,8,8,2,4,3,1.1,1070,10,0.406,1,5,0,4.7,Marketplace/OTA,295,608,Budget Social Travelers
RW-00689,38,91000,West Coast,2,4360,2180,National parks,6,7,6,9,4,4,7,6,4,5,8,10,6,1.2,2080,9,0.545,0,6,0,21.2,Paid search,288,1618,Purposeful Explorers
RW-00690,22,83000,Midwest,1,1270,1270,Camping,7,4,5,5,5,3,9,10,9,6,6,6,4,1.0,940,7,0.113,0,8,0,0.0,Paid social,253,329,Budget Social Travelers
RW-00691,46,114000,Northeast,3,11700,3900,Wellness retreat,6,8,7,7,5,7,5,4,5,8,8,9,7,1.3,3230,10,0.719,0,9,1,18.4,Creator partnership,261,3743,Restorative Adventurers
RW-00692,34,156000,West Coast,4,9880,2470,Outdoor photography,6,7,9,9,4,5,4,4,5,7,4,10,7,0.7,1840,8,0.416,1,8,2,26.2,Travel advisor,325,675,Purposeful Explorers
RW-00693,35,221000,Northeast,2,7760,3880,Wellness retreat,6,10,6,4,8,6,4,4,5,7,10,4,6,1.7,3840,8,0.224,1,4,0,24.9,Email/CRM,50,2608,Restorative Adventurers
RW-00694,47,142000,West Coast,3,9420,3140,International adventure,8,5,8,9,7,5,5,4,6,7,10,4,7,1.1,3020,10,0.584,0,3,1,21.6,Creator partnership,184,2308,Restorative Adventurers
RW-00695,56,84000,Northeast,3,5430,1810,Wellness retreat,3,7,4,4,3,1,7,10,3,6,5,4,1,0.5,1250,5,0.014,0,5,0,0.0,Paid search,257,197,Budget Social Travelers
RW-00696,32,93000,South,4,9760,2440,Hiking & trekking,10,1,6,5,2,6,5,4,3,2,5,5,5,0.3,2070,8,0.214,1,5,0,8.7,Organic search,74,245,Adventure Purists
RW-00697,27,59000,South,4,5280,1320,Hiking & trekking,7,10,7,5,5,3,9,5,10,8,4,8,1,0.9,810,6,0.045,0,8,1,16.2,Referral,65,237,Restorative Adventurers
RW-00698,32,55000,West Coast,1,1090,1090,National parks,5,4,8,5,4,4,7,7,7,3,4,9,3,1.1,770,7,0.132,0,6,1,5.3,Referral,64,303,Budget Social Travelers
RW-00699,33,34000,West Coast,4,8880,2220,National parks,7,6,5,4,3,2,10,7,8,8,3,5,4,1.3,1420,8,0.185,0,7,1,0.0,Creator partnership,151,702,Adventure Purists
RW-00700,35,181000,Midwest,3,11310,3770,International adventure,7,9,8,9,6,5,8,2,5,10,10,7,8,1.4,2700,7,0.228,0,7,1,23.5,Referral,66,1517,Restorative Adventurers
RW-00701,41,136000,Mountain West,3,8490,2830,Hiking & trekking,7,7,9,5,9,6,4,2,6,7,10,6,5,0.9,2290,10,0.555,0,7,2,33.0,Creator partnership,195,1360,Restorative Adventurers
RW-00702,37,249000,West Coast,2,9320,4660,Hiking & trekking,5,10,8,5,5,7,5,4,5,9,9,5,7,1.5,3560,10,0.613,0,7,1,22.3,Organic search,51,3907,Restorative Adventurers
RW-00703,49,118000,West Coast,4,11520,2880,Hiking & trekking,6,4,5,10,7,5,6,5,6,6,7,3,6,1.9,2530,8,0.204,0,5,0,13.5,Organic search,94,1872,Experience Collectors
RW-00704,35,96000,West Coast,5,6050,1210,Cultural immersion,8,5,9,8,1,7,7,6,4,5,7,6,5,1.0,980,8,0.235,0,7,1,13.1,Travel advisor,321,397,Purposeful Explorers
RW-00705,41,137000,South,3,16290,5430,Surf,8,9,7,7,9,5,4,1,6,9,9,5,8,1.5,3880,9,0.485,0,6,0,23.1,Paid social,368,3409,Restorative Adventurers
RW-00706,40,109000,Mountain West,2,2800,1400,Surf,3,5,4,6,5,1,7,9,7,6,6,7,2,0.4,1230,6,0.047,0,4,1,3.9,Paid social,306,160,Budget Social Travelers
RW-00707,39,71000,West Coast,6,8640,1440,Cultural immersion,7,6,9,10,1,6,4,7,5,7,5,9,9,0.7,1340,8,0.475,0,7,0,9.3,Paid social,335,540,Purposeful Explorers
RW-00708,37,51000,Northeast,1,2600,2600,Cultural immersion,9,6,7,8,3,5,7,5,3,6,4,8,5,0.8,1750,8,0.281,0,5,0,11.2,Organic search,96,602,Purposeful Explorers
RW-00709,31,74000,Mountain West,4,4160,1040,Hiking & trekking,10,3,7,6,2,5,4,5,3,3,3,6,2,0.8,790,8,0.152,0,5,0,10.2,Organic search,160,231,Adventure Purists
RW-00710,58,86000,Mountain West,7,7350,1050,Hiking & trekking,8,4,8,5,1,9,5,4,3,4,2,5,6,0.7,820,5,0.038,0,4,0,10.4,Organic search,75,185,Adventure Purists
RW-00711,45,83000,South,4,6560,1640,Hiking & trekking,4,6,3,5,4,5,7,9,5,6,4,3,1,0.6,1220,10,0.297,0,4,1,0.0,Paid search,184,322,Budget Social Travelers
RW-00712,29,72000,West Coast,1,1530,1530,National parks,7,5,6,8,5,3,10,7,8,7,5,5,4,0.9,1290,8,0.185,0,6,0,13.5,Creator partnership,230,442,Budget Social Travelers
RW-00713,39,189000,Mountain West,2,4200,2100,Outdoor photography,5,5,10,6,2,5,8,6,3,5,6,6,9,1.4,1830,7,0.239,1,7,1,15.9,Paid social,232,1042,Purposeful Explorers
RW-00714,49,86000,Midwest,3,3060,1020,National parks,4,6,2,8,4,3,5,10,7,7,2,5,1,0.5,700,8,0.117,0,7,0,13.0,Marketplace/OTA,215,123,Budget Social Travelers
RW-00715,34,151000,South,1,1850,1850,International adventure,4,6,7,9,2,1,7,5,2,7,8,8,6,1.1,1580,6,0.103,1,5,0,12.8,Organic search,101,601,Purposeful Explorers
RW-00716,70,155000,West Coast,3,14880,4960,Cultural immersion,5,5,6,9,7,4,5,1,7,7,2,5,5,0.9,3720,8,0.214,0,6,1,13.3,Travel advisor,298,1320,Experience Collectors
RW-00717,30,103000,Northeast,3,6480,2160,Hiking & trekking,4,4,7,8,4,4,8,5,7,9,4,7,4,1.6,1690,6,0.067,0,6,0,11.8,Paid search,279,898,Purposeful Explorers
RW-00718,28,104000,West Coast,14,42560,3040,Hiking & trekking,5,3,8,6,7,4,4,3,9,6,7,3,2,1.2,3050,7,0.058,0,4,0,16.4,Creator partnership,209,1205,Experience Collectors
RW-00719,29,88000,South,3,6150,2050,International adventure,6,6,5,7,4,4,9,10,8,6,2,5,3,0.7,1640,6,0.045,0,4,0,0.0,Paid social,202,373,Budget Social Travelers
RW-00720,45,65000,Mountain West,1,1230,1230,National parks,1,8,4,5,4,2,5,9,6,8,3,4,2,0.7,830,7,0.065,0,6,1,7.6,Paid search,206,193,Budget Social Travelers
RW-00721,44,57000,West Coast,6,4440,740,Camping,8,3,7,4,3,6,4,7,3,2,6,4,4,0.6,700,7,0.091,0,4,0,0.0,Creator partnership,208,143,Adventure Purists
RW-00722,37,98000,South,8,14000,1750,Surf,9,3,5,5,1,7,7,7,4,3,4,3,5,0.3,1340,6,0.05,0,4,0,1.2,Paid search,245,131,Adventure Purists
RW-00723,47,194000,South,5,27050,5410,National parks,7,5,6,6,8,5,5,3,8,6,5,3,2,0.9,3900,5,0.015,0,5,0,11.3,Email/CRM,19,1105,Experience Collectors
RW-00724,41,107000,West Coast,1,2380,2380,National parks,5,4,3,6,4,4,7,6,7,8,3,4,4,0.3,1580,6,0.047,0,7,0,0.0,Paid social,275,154,Budget Social Travelers
RW-00725,37,99000,West Coast,3,13920,4640,Cultural immersion,8,2,6,10,8,4,4,4,8,7,4,6,3,1.4,2930,7,0.096,0,7,0,22.7,Organic search,129,1407,Experience Collectors
RW-00726,49,132000,South,4,16400,4100,Cultural immersion,4,6,9,8,7,3,3,4,8,6,6,4,3,1.1,2940,10,0.406,0,7,2,24.9,Paid search,265,1669,Experience Collectors
RW-00727,36,258000,Midwest,2,7600,3800,Wellness retreat,7,7,7,5,7,8,3,4,3,10,8,6,4,1.7,3520,8,0.204,0,4,0,21.2,Creator partnership,152,2330,Restorative Adventurers
RW-00728,44,120000,West Coast,10,76800,7680,Cultural immersion,5,4,6,7,7,9,5,5,10,7,7,4,1,1.7,5890,9,0.192,1,6,1,17.2,Paid search,232,3838,Experience Collectors
RW-00729,47,61000,Midwest,2,2560,1280,Camping,10,5,4,5,3,7,3,6,4,6,4,5,2,1.2,1020,10,0.392,0,7,0,5.0,Organic search,90,618,Adventure Purists
RW-00730,46,134000,West Coast,2,2960,1480,Backpacking,6,3,7,5,2,9,3,6,5,1,6,1,3,0.6,1350,9,0.192,0,5,0,5.9,Paid social,466,311,Adventure Purists
RW-00731,39,118000,West Coast,5,17200,3440,Wellness retreat,7,8,7,8,4,6,4,1,4,8,6,8,7,1.0,3350,5,0.064,0,4,0,22.2,Creator partnership,228,1110,Restorative Adventurers
RW-00732,51,153000,South,5,30300,6060,Outdoor photography,6,7,6,8,6,3,4,3,9,7,4,5,5,0.9,4130,8,0.214,0,6,1,22.8,Paid social,249,1466,Experience Collectors
RW-00733,55,118000,South,5,24600,4920,International adventure,4,4,6,6,5,5,3,5,5,6,7,4,2,1.6,4110,6,0.034,0,4,2,2.8,Creator partnership,193,2109,Experience Collectors
RW-00734,32,150000,South,3,10500,3500,Hiking & trekking,8,7,8,6,9,6,5,2,3,7,10,8,8,1.3,3060,8,0.401,0,7,1,20.4,Paid search,194,2038,Restorative Adventurers
RW-00735,46,133000,West Coast,7,33530,4790,Cultural immersion,5,6,4,10,6,2,2,4,8,6,7,5,6,1.3,4470,9,0.397,0,7,1,4.3,Paid social,287,2956,Experience Collectors
RW-00736,31,103000,South,4,9480,2370,Camping,7,4,6,2,7,4,7,6,8,5,8,8,2,0.6,1900,6,0.053,1,7,0,2.2,Referral,51,373,Restorative Adventurers
RW-00737,54,134000,West Coast,5,31800,6360,Wellness retreat,6,4,4,8,6,5,4,2,8,6,6,3,6,1.1,5920,6,0.06,0,6,1,12.5,Paid search,237,2146,Experience Collectors
RW-00738,45,258000,West Coast,2,7280,3640,International adventure,6,8,8,9,8,9,5,4,5,9,9,9,8,1.0,3460,8,0.43,0,6,0,19.8,Marketplace/OTA,251,1855,Restorative Adventurers
RW-00739,23,92000,South,1,1240,1240,Hiking & trekking,9,3,8,5,1,6,4,5,5,2,5,5,2,1.6,1230,6,0.038,0,5,0,4.7,Paid social,340,634,Adventure Purists
RW-00740,33,79000,Midwest,10,16000,1600,Hiking & trekking,10,2,6,4,2,9,3,6,4,4,3,5,6,0.8,1220,10,0.57,1,5,5,11.8,Referral,57,661,Adventure Purists
RW-00741,23,115000,West Coast,9,21060,2340,Cultural immersion,7,4,4,10,5,3,5,3,9,4,5,7,3,1.3,1920,5,0.029,0,6,0,13.8,Email/CRM,34,797,Experience Collectors
RW-00742,58,169000,South,10,67700,6770,Hiking & trekking,7,4,6,8,8,4,4,3,8,7,5,3,4,1.2,6440,7,0.082,0,3,1,12.4,Referral,68,2609,Experience Collectors
RW-00743,42,115000,Midwest,1,2080,2080,Cultural immersion,5,4,6,7,2,4,6,4,2,4,5,9,3,0.8,1540,5,0.036,0,5,2,4.3,Paid social,366,396,Purposeful Explorers
RW-00744,47,156000,West Coast,5,17700,3540,Cultural immersion,5,5,5,10,9,6,8,3,7,7,7,6,2,1.2,2820,10,0.421,0,6,0,3.7,Paid social,548,1787,Experience Collectors
RW-00745,35,138000,West Coast,7,10640,1520,Backpacking,10,1,4,5,3,5,4,6,2,4,2,4,4,0.9,1010,8,0.168,0,4,0,0.0,Email/CRM,31,339,Adventure Purists
RW-00746,41,68000,West Coast,3,2070,690,Hiking & trekking,10,4,9,3,1,9,1,4,6,3,3,4,5,0.8,700,4,0.014,0,1,0,3.4,Paid search,386,176,Adventure Purists
RW-00747,42,174000,West Coast,4,27400,6850,Surf,6,8,8,5,6,8,5,3,3,8,10,5,8,1.3,7080,10,0.655,1,5,2,33.6,Paid social,296,7270,Restorative Adventurers
RW-00748,33,75000,Mountain West,3,2940,980,Hiking & trekking,10,4,7,6,3,5,3,5,4,5,5,3,4,0.9,700,7,0.082,0,4,0,0.0,Organic search,82,213,Adventure Purists
RW-00749,31,152000,Northeast,4,13400,3350,International adventure,7,7,7,8,4,5,7,3,4,9,4,10,8,1.0,2370,8,0.46,1,6,0,22.3,Creator partnership,267,1333,Purposeful Explorers
RW-00750,27,124000,West Coast,1,2100,2100,Hiking & trekking,6,8,10,8,3,4,4,5,6,6,4,6,6,1.0,1810,4,0.022,0,6,0,18.9,Organic search,79,574,Purposeful Explorers
RW-00751,28,341000,West Coast,5,17550,3510,National parks,7,7,7,6,5,8,3,1,5,7,8,5,6,1.9,3050,7,0.139,0,3,1,29.5,Creator partnership,284,2087,Restorative Adventurers
RW-00752,49,151000,South,3,6960,2320,National parks,6,9,9,8,4,4,5,4,3,10,10,5,5,1.3,2080,10,0.525,1,6,0,20.7,Marketplace/OTA,263,1694,Restorative Adventurers
RW-00753,40,179000,West Coast,6,29520,4920,Hiking & trekking,10,9,6,6,10,9,6,3,7,7,7,9,4,0.9,3970,7,0.154,0,5,0,29.5,Organic search,65,1310,Restorative Adventurers
RW-00754,34,53000,South,7,6020,860,Backpacking,5,2,6,3,3,7,3,5,4,3,4,6,5,1.2,700,10,0.555,0,5,2,7.7,Paid search,272,554,Adventure Purists
RW-00755,31,60000,South,6,5940,990,Surf,7,3,6,3,2,3,8,5,10,6,8,7,2,0.3,850,8,0.168,0,7,0,0.3,Creator partnership,176,95,Adventure Purists
RW-00756,42,304000,West Coast,4,19240,4810,Hiking & trekking,8,7,10,7,5,5,4,2,4,7,7,7,8,1.2,4200,9,0.545,0,8,0,14.9,Email/CRM,44,3268,Restorative Adventurers
RW-00757,47,102000,South,3,11010,3670,Hiking & trekking,6,6,8,8,5,5,5,3,3,8,5,7,8,0.8,3120,5,0.068,0,3,1,31.9,Travel advisor,227,830,Purposeful Explorers
RW-00758,53,58000,Northeast,1,1050,1050,National parks,4,7,2,4,3,2,8,8,4,7,5,4,2,0.3,740,6,0.034,0,4,0,0.0,Referral,61,71,Budget Social Travelers
RW-00759,54,141000,Northeast,4,13480,3370,International adventure,5,5,5,9,6,5,6,4,6,8,4,4,5,1.0,2120,10,0.495,1,6,1,19.7,Creator partnership,258,1263,Experience Collectors
RW-00760,31,144000,Mountain West,1,1700,1700,Hiking & trekking,10,3,4,7,1,9,3,6,4,1,3,4,4,1.2,880,6,0.047,0,4,1,6.5,Paid search,159,344,Adventure Purists
RW-00761,35,46000,Northeast,4,4600,1150,National parks,4,3,3,7,5,3,9,7,7,6,7,9,3,0.9,1160,9,0.382,0,8,2,0.0,Paid social,380,520,Budget Social Travelers
RW-00762,33,126000,Northeast,3,13980,4660,International adventure,6,3,7,9,7,5,6,4,8,6,7,5,3,0.9,4270,7,0.086,0,7,0,25.7,Organic search,113,1304,Experience Collectors
RW-00763,37,187000,South,5,30800,6160,International adventure,5,4,6,9,6,2,6,1,4,9,6,5,2,1.0,4020,7,0.073,0,6,0,22.9,Travel advisor,218,1344,Experience Collectors
RW-00764,45,134000,Northeast,5,14700,2940,National parks,6,4,5,9,7,7,7,1,7,6,6,6,3,0.5,2180,5,0.026,0,7,1,21.7,Creator partnership,216,347,Experience Collectors
RW-00765,53,89000,Northeast,1,1750,1750,National parks,3,7,5,3,3,4,6,8,6,7,5,3,2,0.3,1230,8,0.111,0,5,1,2.6,Paid search,289,129,Budget Social Travelers
RW-00766,44,131000,Northeast,2,6680,3340,Outdoor photography,5,8,4,9,6,3,3,4,6,5,4,3,3,1.4,2660,8,0.13,0,5,0,14.2,Paid social,367,1327,Experience Collectors
RW-00767,47,150000,Midwest,4,18160,4540,Cultural immersion,4,4,7,8,8,7,1,2,6,5,6,6,3,0.7,3610,8,0.177,0,7,1,9.3,Paid social,280,951,Experience Collectors
RW-00768,54,250000,West Coast,5,22900,4580,International adventure,4,7,6,10,6,6,4,3,8,4,7,7,5,1.0,3710,9,0.411,0,5,1,14.0,Paid search,256,1930,Experience Collectors
RW-00769,28,94000,South,3,14310,4770,International adventure,8,4,3,7,8,5,5,6,9,9,4,4,3,1.3,3170,9,0.254,0,7,1,23.8,Creator partnership,260,1710,Experience Collectors
RW-00770,35,92000,West Coast,2,1660,830,International adventure,5,7,3,8,5,2,10,8,10,5,4,9,3,1.1,700,7,0.132,0,9,0,0.0,Creator partnership,402,275,Budget Social Travelers
RW-00771,44,98000,Mountain West,6,34680,5780,International adventure,10,9,6,6,7,2,6,4,5,10,8,7,8,0.9,5150,10,0.707,1,7,1,30.6,Creator partnership,256,4036,Restorative Adventurers
RW-00772,32,75000,South,3,3960,1320,Surf,7,7,5,6,4,3,10,8,10,7,4,8,4,1.1,1060,4,0.019,0,5,0,0.0,Organic search,88,369,Budget Social Travelers
RW-00773,38,62000,Mountain West,1,1270,1270,Surf,7,2,5,5,4,1,7,6,8,7,5,9,3,0.5,910,10,0.555,1,10,0,2.5,Referral,44,300,Budget Social Travelers
RW-00774,29,102000,Midwest,7,17220,2460,National parks,8,6,9,9,5,3,3,6,4,5,7,9,6,1.1,2130,9,0.515,1,6,0,20.1,Referral,56,1443,Purposeful Explorers
RW-00775,53,186000,West Coast,7,83580,11940,National parks,5,5,5,8,7,3,5,2,7,8,7,4,6,1.4,9000,8,0.224,0,4,0,12.3,Organic search,112,5033,Experience Collectors
RW-00776,31,71000,West Coast,5,5250,1050,Hiking & trekking,6,7,8,10,4,6,6,3,6,5,5,10,7,0.6,870,9,0.589,1,6,0,23.7,Creator partnership,195,366,Purposeful Explorers
RW-00777,29,91000,Mountain West,2,3360,1680,Camping,6,6,5,7,3,3,6,7,9,7,4,9,6,0.9,1220,9,0.515,0,10,0,6.5,Creator partnership,202,676,Budget Social Travelers
RW-00778,44,79000,Northeast,8,29040,3630,International adventure,8,3,5,8,6,5,5,3,6,7,6,3,2,0.5,3220,9,0.201,1,5,1,10.9,Creator partnership,214,624,Experience Collectors
RW-00779,25,193000,Northeast,4,13960,3490,Hiking & trekking,8,6,10,8,5,7,8,3,5,6,3,10,7,0.7,2790,7,0.261,0,9,0,16.7,Referral,86,818,Purposeful Explorers
RW-00780,21,91000,West Coast,1,1940,1940,Outdoor photography,5,5,9,8,1,4,4,4,3,7,4,3,7,0.6,1520,10,0.555,1,4,1,16.4,Organic search,91,602,Purposeful Explorers
RW-00781,50,128000,West Coast,2,5040,2520,Surf,6,9,7,5,4,6,4,2,7,5,8,7,6,1.6,2240,8,0.293,0,9,1,37.8,Marketplace/OTA,233,1568,Restorative Adventurers
RW-00782,57,115000,South,2,3700,1850,National parks,5,7,6,4,3,3,7,9,8,6,4,3,4,0.5,1430,9,0.265,0,3,0,0.2,Organic search,114,301,Budget Social Travelers
RW-00783,44,173000,West Coast,4,9800,2450,Backpacking,9,3,6,2,3,8,2,5,4,3,6,3,4,0.3,1830,7,0.082,0,3,0,24.1,Email/CRM,39,185,Adventure Purists
RW-00784,25,79000,South,6,13620,2270,Hiking & trekking,3,2,5,7,4,7,7,8,9,6,3,6,6,1.0,1490,9,0.426,0,9,0,1.1,Referral,60,793,Budget Social Travelers
RW-00785,47,56000,Mountain West,1,1650,1650,National parks,3,5,5,3,5,1,8,10,4,8,3,2,3,0.3,1130,7,0.062,1,3,1,2.9,Email/CRM,28,112,Budget Social Travelers
RW-00786,39,214000,West Coast,3,10050,3350,National parks,7,9,8,4,5,4,6,7,5,10,7,5,8,0.9,2760,4,0.028,0,3,1,26.5,Referral,63,792,Restorative Adventurers
RW-00787,43,93000,Midwest,3,7950,2650,Cultural immersion,8,9,6,5,3,6,6,3,5,5,6,10,8,0.8,1900,8,0.46,0,8,0,21.6,Creator partnership,144,855,Restorative Adventurers
RW-00788,49,99000,South,3,16290,5430,Wellness retreat,8,9,7,7,8,6,3,4,5,7,9,8,5,1.5,3970,8,0.281,0,6,2,25.4,Referral,111,2563,Restorative Adventurers
RW-00789,51,106000,Mountain West,3,4080,1360,Hiking & trekking,8,3,10,7,4,6,6,4,2,5,7,10,7,0.8,940,9,0.589,1,9,0,7.5,Referral,70,527,Purposeful Explorers
RW-00790,26,88000,Mountain West,2,3660,1830,Camping,7,5,2,7,5,1,7,9,9,5,7,10,4,0.9,1770,10,0.627,1,9,1,4.1,Organic search,103,1196,Budget Social Travelers
RW-00791,42,200000,Northeast,4,22040,5510,Wellness retreat,4,10,5,7,7,4,7,3,7,9,8,7,6,1.4,5120,8,0.293,1,7,0,31.3,Referral,57,3137,Restorative Adventurers
RW-00792,22,56000,West Coast,8,16160,2020,Backpacking,10,2,7,7,4,8,4,7,6,2,3,5,4,1.1,1590,5,0.027,0,2,0,8.6,Organic search,77,557,Adventure Purists
RW-00793,45,195000,South,2,10020,5010,International adventure,7,10,6,8,6,8,6,2,6,7,7,5,7,1.2,3600,8,0.281,1,3,0,20.6,Organic search,89,1859,Restorative Adventurers
RW-00794,42,155000,Midwest,10,31700,3170,Outdoor photography,5,4,6,9,5,4,6,6,8,5,5,4,6,1.1,2480,7,0.126,0,9,0,17.8,Organic search,63,967,Experience Collectors
RW-00795,31,240000,Northeast,4,13880,3470,National parks,6,5,6,8,7,5,5,3,10,9,7,6,2,1.3,2620,9,0.265,0,8,0,20.6,Paid search,265,1435,Experience Collectors
RW-00796,44,314000,West Coast,4,16840,4210,Wellness retreat,6,10,8,6,7,6,6,5,6,10,10,8,8,1.5,4020,9,0.574,1,9,1,19.6,Organic search,56,4118,Restorative Adventurers
RW-00797,49,170000,South,4,16880,4220,Cultural immersion,9,7,5,9,8,4,6,3,6,6,3,3,4,1.1,2700,7,0.082,0,3,0,8.5,Paid social,230,1003,Experience Collectors
RW-00798,22,153000,West Coast,4,13080,3270,International adventure,4,5,6,8,7,2,3,2,8,6,6,3,3,1.6,2410,8,0.13,1,6,1,12.8,Paid social,336,1374,Experience Collectors
RW-00799,28,52000,West Coast,6,9600,1600,Surf,8,3,2,3,4,3,10,8,9,7,5,7,3,0.5,1050,8,0.195,0,6,0,13.3,Paid social,450,202,Adventure Purists
RW-00800,22,98000,Northeast,2,3560,1780,Camping,6,6,6,6,8,3,10,7,8,6,3,6,3,0.9,1430,7,0.096,0,5,0,15.4,Paid search,404,441,Budget Social Travelers
RW-00801,25,72000,Mountain West,1,1810,1810,Surf,6,6,4,8,3,4,7,7,9,6,6,8,4,0.6,1540,10,0.57,1,6,1,4.0,Creator partnership,240,626,Budget Social Travelers
RW-00802,51,231000,Mountain West,1,5830,5830,National parks,7,10,5,4,6,9,7,1,4,8,9,6,9,1.1,5490,8,0.387,0,7,3,24.8,Paid social,267,3027,Restorative Adventurers
RW-00803,44,107000,Midwest,4,8440,2110,National parks,5,6,10,7,4,4,5,5,5,6,5,5,7,0.7,1910,5,0.046,0,4,0,11.9,Paid search,254,434,Purposeful Explorers
RW-00804,22,102000,South,2,3340,1670,Hiking & trekking,7,6,4,6,6,1,10,9,8,6,4,7,4,0.3,1060,10,0.54,0,9,2,8.1,Marketplace/OTA,300,204,Budget Social Travelers
RW-00805,50,121000,Northeast,8,40640,5080,International adventure,3,6,5,6,10,6,3,3,8,9,8,6,3,0.8,4490,9,0.302,0,6,1,10.6,Organic search,91,1590,Experience Collectors
RW-00806,31,146000,Mountain West,4,20760,5190,Cultural immersion,7,5,4,8,9,4,7,2,5,7,8,5,5,0.4,4570,8,0.214,0,4,0,14.8,Referral,56,721,Experience Collectors
RW-00807,31,98000,West Coast,2,4300,2150,International adventure,8,5,4,7,5,4,10,10,9,7,2,6,3,1.1,1700,8,0.177,0,8,0,1.0,Creator partnership,304,704,Budget Social Travelers
RW-00808,44,134000,Northeast,8,28560,3570,Outdoor photography,4,7,5,7,7,4,5,5,7,10,7,7,6,1.4,2710,9,0.455,0,10,0,18.6,Marketplace/OTA,319,2116,Experience Collectors
RW-00809,31,73000,Mountain West,1,780,780,Surf,7,2,7,3,1,6,2,6,5,5,5,5,5,1.0,700,5,0.032,0,7,1,5.2,Referral,38,224,Adventure Purists
RW-00810,34,51000,Northeast,2,2620,1310,Camping,3,6,2,4,3,2,8,10,7,8,4,3,5,0.6,720,8,0.177,0,4,0,0.0,Organic search,92,163,Budget Social Travelers
RW-00811,43,113000,Northeast,6,40080,6680,Cultural immersion,5,4,5,6,7,4,4,2,7,7,6,3,5,0.9,4150,5,0.026,0,5,0,9.6,Paid search,316,1188,Experience Collectors
RW-00812,55,132000,Mountain West,3,10320,3440,International adventure,5,8,5,8,8,5,4,5,6,6,5,4,3,0.5,2800,6,0.04,0,5,0,18.5,Creator partnership,224,452,Experience Collectors
RW-00813,59,56000,South,1,1490,1490,Hiking & trekking,4,4,4,4,3,4,7,5,4,9,6,1,4,0.4,1190,7,0.065,0,3,0,2.8,Marketplace/OTA,246,158,Budget Social Travelers
RW-00814,31,90000,South,3,5400,1800,National parks,6,5,4,6,4,2,6,6,9,5,3,6,3,0.9,1280,9,0.302,0,7,0,2.3,Creator partnership,193,510,Budget Social Travelers
RW-00815,42,155000,Mountain West,8,31600,3950,International adventure,6,4,2,9,6,3,4,3,6,6,6,3,4,1.0,2880,7,0.082,0,4,0,14.2,Paid social,244,972,Experience Collectors
RW-00816,33,126000,Midwest,1,3020,3020,National parks,7,5,9,8,3,4,5,5,1,8,7,7,5,1.4,2550,5,0.041,0,3,0,13.6,Paid social,433,1154,Purposeful Explorers
RW-00817,21,122000,Midwest,1,1950,1950,Cultural immersion,7,8,9,8,3,8,7,5,5,7,7,10,7,1.7,1630,8,0.416,1,8,0,19.5,Creator partnership,240,1452,Purposeful Explorers
RW-00818,21,97000,West Coast,3,5190,1730,Backpacking,7,4,5,3,2,6,3,6,7,4,4,4,5,0.8,1270,6,0.056,0,4,0,4.7,Email/CRM,51,334,Adventure Purists
RW-00819,21,69000,Northeast,1,1620,1620,Surf,6,3,3,6,6,1,7,9,10,7,4,10,4,1.1,1060,6,0.093,0,6,1,0.0,Referral,61,398,Budget Social Travelers
RW-00820,47,185000,South,5,25800,5160,Wellness retreat,8,6,5,3,7,4,5,4,6,7,7,7,6,1.7,3770,7,0.171,0,7,0,31.0,Organic search,95,2396,Restorative Adventurers
RW-00821,38,113000,West Coast,6,30000,5000,National parks,4,3,4,9,9,1,4,2,7,4,7,4,3,1.5,4430,5,0.02,0,4,0,28.4,Creator partnership,197,2102,Experience Collectors
RW-00822,25,90000,West Coast,3,2520,840,Camping,6,4,6,7,2,4,6,7,10,6,5,8,4,0.7,700,7,0.139,0,7,3,4.9,Creator partnership,198,177,Budget Social Travelers
RW-00823,37,255000,West Coast,7,32480,4640,Hiking & trekking,7,5,8,10,6,8,5,2,3,8,8,7,6,1.2,3700,7,0.171,0,1,0,19.3,Travel advisor,221,1660,Experience Collectors
RW-00824,40,103000,West Coast,3,6480,2160,National parks,6,6,4,5,5,4,8,4,6,7,5,10,3,1.1,1540,10,0.584,0,10,0,13.3,Paid social,194,1177,Budget Social Travelers
RW-00825,40,87000,South,1,2050,2050,Hiking & trekking,7,6,10,7,3,3,6,3,5,8,5,9,5,1.4,1890,9,0.47,0,9,1,12.4,Paid search,389,1512,Purposeful Explorers
RW-00826,39,112000,Mountain West,2,10260,5130,Hiking & trekking,5,3,5,9,8,5,3,3,10,6,5,2,2,0.7,3690,7,0.052,0,7,0,15.5,Paid social,366,845,Experience Collectors
RW-00827,33,87000,Midwest,5,7500,1500,Hiking & trekking,6,6,6,4,3,1,9,5,9,8,7,7,4,1.3,1210,9,0.368,0,8,2,0.0,Paid search,392,767,Purposeful Explorers
RW-00828,36,196000,West Coast,2,6820,3410,Hiking & trekking,7,8,7,7,6,3,7,1,4,8,8,8,6,1.3,3530,10,0.655,0,7,2,19.4,Marketplace/OTA,350,3625,Restorative Adventurers
RW-00829,22,106000,South,2,3860,1930,Hiking & trekking,8,10,8,8,3,4,6,5,6,6,6,7,5,0.9,1380,10,0.584,1,8,0,9.7,Paid social,428,863,Purposeful Explorers
RW-00830,41,142000,Mountain West,6,22200,3700,Hiking & trekking,8,9,6,7,6,6,8,2,7,9,8,7,6,1.2,3120,10,0.627,1,6,0,25.8,Marketplace/OTA,334,2811,Restorative Adventurers
RW-00831,32,77000,Northeast,1,1570,1570,Camping,3,5,6,5,3,2,9,9,6,5,4,6,3,1.5,1130,5,0.026,0,6,1,1.1,Organic search,101,539,Budget Social Travelers
RW-00832,25,90000,South,5,7450,1490,International adventure,7,7,5,6,3,2,6,10,10,3,4,5,2,1.2,1030,7,0.073,0,10,1,0.0,Organic search,47,413,Budget Social Travelers
RW-00833,26,81000,Northeast,5,6450,1290,Surf,10,3,6,5,4,9,3,6,4,1,6,4,8,1.4,860,5,0.048,0,5,0,1.3,Organic search,74,392,Adventure Purists
RW-00834,31,61000,Midwest,3,4080,1360,Surf,7,3,6,3,3,1,7,7,9,6,7,9,3,1.0,990,10,0.555,0,9,1,5.9,Organic search,109,653,Budget Social Travelers
RW-00835,29,117000,Mountain West,3,6090,2030,International adventure,7,6,5,7,2,4,9,6,8,5,6,8,3,0.4,1760,8,0.214,0,4,0,6.8,Marketplace/OTA,278,278,Purposeful Explorers
RW-00836,24,42000,Northeast,3,3060,1020,National parks,7,3,7,5,5,4,9,6,9,3,5,7,2,0.9,820,8,0.168,0,6,2,8.4,Creator partnership,269,275,Adventure Purists
RW-00837,37,125000,Midwest,3,7560,2520,International adventure,8,6,9,8,7,8,4,3,4,8,5,8,6,1.2,1460,8,0.319,1,5,0,13.0,Organic search,107,795,Purposeful Explorers
RW-00838,39,140000,Midwest,1,1090,1090,Hiking & trekking,6,5,5,2,3,5,5,6,7,8,4,5,2,0.4,890,10,0.392,0,6,1,0.0,Paid search,467,180,Budget Social Travelers
RW-00839,38,94000,West Coast,4,12280,3070,Backpacking,8,2,5,6,1,8,4,5,6,5,5,4,7,1.4,2650,6,0.079,0,4,1,4.8,Paid search,458,1248,Adventure Purists
RW-00840,38,91000,South,7,15540,2220,Hiking & trekking,9,2,8,5,3,8,5,5,5,4,4,6,2,1.1,1770,10,0.421,0,9,2,5.7,Referral,85,1028,Adventure Purists
RW-00841,55,94000,West Coast,5,25700,5140,International adventure,6,8,5,6,7,5,2,2,6,8,7,5,2,1.9,3820,7,0.073,0,6,0,13.8,Creator partnership,312,2427,Restorative Adventurers
RW-00842,30,85000,West Coast,4,11760,2940,Outdoor photography,7,5,9,4,4,4,6,7,4,8,7,9,6,1.1,1980,9,0.515,0,7,0,15.2,Email/CRM,53,1342,Purposeful Explorers
RW-00843,32,108000,South,5,11450,2290,Backpacking,10,3,7,6,1,7,3,6,3,2,3,5,4,0.6,1680,7,0.102,0,3,1,0.0,Creator partnership,175,348,Adventure Purists
RW-00844,45,70000,Midwest,2,3260,1630,Hiking & trekking,10,4,5,4,2,7,4,6,1,3,3,4,4,0.4,930,8,0.168,1,4,2,4.4,Organic search,120,139,Adventure Purists
RW-00845,49,164000,South,6,30840,5140,Hiking & trekking,4,6,5,6,8,4,4,3,8,7,9,4,3,0.8,4560,10,0.406,1,3,0,17.0,Paid social,308,1883,Experience Collectors
RW-00846,21,167000,South,3,5400,1800,Hiking & trekking,7,4,9,10,4,7,5,7,5,7,5,7,7,0.9,1330,9,0.5,0,5,2,12.0,Referral,74,719,Purposeful Explorers
RW-00847,47,101000,West Coast,4,6960,1740,Backpacking,10,3,4,4,3,8,3,9,3,5,2,6,6,1.1,1170,9,0.426,1,4,0,1.4,Referral,90,685,Adventure Purists
RW-00848,26,73000,South,2,3040,1520,Hiking & trekking,6,7,6,7,4,2,6,9,9,9,5,6,5,0.4,1220,8,0.235,0,7,0,14.2,Creator partnership,214,198,Budget Social Travelers
RW-00849,41,173000,Northeast,8,52080,6510,Hiking & trekking,5,4,6,10,9,3,4,3,10,7,6,4,4,1.1,6490,8,0.168,0,9,0,11.6,Paid social,379,2660,Experience Collectors
RW-00850,39,64000,Mountain West,1,2140,2140,Wellness retreat,4,6,4,6,5,4,7,8,7,6,5,3,2,0.4,1620,8,0.111,0,6,0,0.4,Paid social,321,226,Budget Social Travelers
RW-00851,42,156000,West Coast,5,17800,3560,International adventure,5,6,3,7,7,5,6,5,6,5,4,3,1,0.7,2900,9,0.174,0,6,0,1.2,Referral,75,761,Experience Collectors
RW-00852,30,197000,South,6,36120,6020,Cultural immersion,3,5,3,9,7,2,5,1,10,7,4,3,4,1.1,4620,8,0.152,0,6,1,13.8,Paid search,271,1857,Experience Collectors
RW-00853,53,104000,West Coast,1,2000,2000,Cultural immersion,4,8,9,9,2,4,5,5,3,7,4,8,4,1.6,1530,8,0.246,0,5,2,5.3,Creator partnership,177,1006,Purposeful Explorers
RW-00854,41,53000,Midwest,2,1580,790,Wellness retreat,3,4,5,4,5,5,6,9,6,7,4,3,4,0.9,700,10,0.421,1,5,2,6.0,Paid search,248,333,Budget Social Travelers
RW-00855,35,114000,West Coast,3,15810,5270,National parks,7,8,7,7,6,5,5,5,7,9,10,6,10,1.6,4140,9,0.603,1,8,0,26.3,Paid search,205,4764,Restorative Adventurers
RW-00856,34,66000,Northeast,3,3210,1070,Surf,9,3,6,5,1,7,2,6,6,1,2,5,4,1.3,790,6,0.053,0,8,1,13.7,Organic search,74,336,Adventure Purists
RW-00857,26,63000,South,2,2040,1020,Camping,6,6,6,3,4,3,7,8,7,8,4,9,3,0.6,740,7,0.132,0,7,1,0.0,Creator partnership,150,159,Budget Social Travelers
RW-00858,25,175000,Mountain West,8,20960,2620,Outdoor photography,6,5,9,8,2,5,5,3,6,5,6,9,8,1.8,2410,9,0.603,0,7,3,8.1,Paid search,214,3120,Purposeful Explorers
RW-00859,33,138000,West Coast,3,8580,2860,Surf,7,9,5,4,8,5,5,2,6,8,8,7,8,1.6,2630,9,0.545,1,8,0,20.2,Referral,77,2729,Restorative Adventurers
RW-00860,37,83000,South,4,4680,1170,Camping,8,4,5,4,2,7,3,6,2,3,4,5,5,0.3,880,6,0.063,0,3,0,2.4,Paid search,220,87,Adventure Purists
RW-00861,21,59000,Northeast,1,1530,1530,Surf,7,6,3,7,5,3,10,5,10,8,3,7,6,1.6,1130,7,0.171,0,7,0,0.4,Creator partnership,211,676,Budget Social Travelers
RW-00862,21,79000,Midwest,1,1550,1550,Camping,7,4,5,7,5,3,7,8,9,6,8,7,4,0.5,1220,7,0.126,1,6,2,5.1,Referral,48,216,Budget Social Travelers
RW-00863,34,67000,Mountain West,5,12650,2530,Outdoor photography,5,5,10,8,4,7,6,7,3,9,8,7,5,0.6,2340,7,0.147,0,5,0,13.2,Creator partnership,171,510,Purposeful Explorers
RW-00864,28,50000,South,1,980,980,National parks,8,8,2,6,4,1,8,7,10,7,4,7,2,0.3,700,9,0.289,0,7,1,13.1,Paid social,243,91,Budget Social Travelers
RW-00865,47,149000,South,5,29650,5930,National parks,5,7,5,7,9,3,5,5,7,8,7,5,6,1.1,5080,7,0.139,0,7,0,10.5,Organic search,113,2013,Experience Collectors
RW-00866,28,88000,Midwest,1,1790,1790,National parks,3,5,4,4,6,2,7,8,7,9,6,4,2,0.7,1550,6,0.034,0,5,0,4.4,Paid search,305,348,Budget Social Travelers
RW-00867,37,129000,Midwest,2,4980,2490,International adventure,6,8,10,8,5,4,5,6,4,6,7,6,3,1.6,1520,5,0.026,0,3,1,14.2,Organic search,102,774,Purposeful Explorers
RW-00868,33,79000,Mountain West,5,13550,2710,Hiking & trekking,8,7,9,6,4,5,6,8,2,7,7,7,5,0.9,2880,7,0.147,0,5,1,11.8,Marketplace/OTA,172,942,Purposeful Explorers
RW-00869,28,164000,West Coast,3,20910,6970,Cultural immersion,6,2,6,8,8,3,3,5,10,7,6,2,5,0.6,4590,8,0.16,1,6,1,2.4,Paid search,385,1016,Experience Collectors
RW-00870,51,160000,West Coast,3,8130,2710,Cultural immersion,5,4,7,7,7,6,4,5,8,7,7,5,3,2.1,1980,9,0.277,0,8,1,11.6,Marketplace/OTA,424,1780,Experience Collectors
RW-00871,24,143000,Midwest,6,12600,2100,Hiking & trekking,5,8,7,6,8,3,7,7,8,6,5,7,5,1.2,1930,8,0.257,0,7,1,0.0,Creator partnership,261,966,Restorative Adventurers
RW-00872,45,141000,West Coast,8,25680,3210,Cultural immersion,5,4,6,9,7,4,5,3,8,5,5,7,2,0.9,1860,10,0.45,0,7,1,1.2,Paid search,320,926,Experience Collectors
RW-00873,45,33000,Northeast,4,4400,1100,Camping,5,4,4,3,5,5,5,10,6,5,2,3,3,1.1,700,7,0.069,0,4,0,0.0,Creator partnership,221,256,Budget Social Travelers
RW-00874,24,163000,Midwest,2,6600,3300,Wellness retreat,7,8,8,5,8,5,7,4,3,6,10,7,8,0.5,2730,7,0.228,0,6,2,26.8,Referral,44,548,Restorative Adventurers
RW-00875,27,47000,West Coast,3,3090,1030,Hiking & trekking,5,6,4,7,5,1,10,7,7,8,3,8,2,0.7,820,9,0.314,0,9,0,6.4,Paid social,364,259,Budget Social Travelers
RW-00876,43,86000,Northeast,6,12540,2090,Hiking & trekking,6,5,8,10,4,6,5,8,5,7,7,7,6,1.0,1660,9,0.455,0,7,1,8.8,Referral,60,926,Purposeful Explorers
RW-00877,31,54000,Mountain West,4,4000,1000,Hiking & trekking,10,5,5,2,3,5,3,8,4,4,3,5,1,1.2,750,8,0.117,0,6,1,0.0,Referral,35,316,Adventure Purists
RW-00878,29,175000,Mountain West,2,6160,3080,Hiking & trekking,10,7,6,9,5,4,5,6,4,8,8,8,6,1.5,2100,9,0.485,1,5,0,29.4,Paid search,235,1845,Purposeful Explorers
RW-00879,21,53000,Northeast,6,7440,1240,Surf,5,7,4,7,7,4,6,8,8,7,6,6,6,1.2,940,9,0.426,0,9,1,2.4,Creator partnership,305,600,Experience Collectors
RW-00880,34,52000,West Coast,5,6200,1240,National parks,4,5,3,6,3,1,8,7,10,7,3,8,4,0.5,770,10,0.57,0,10,1,9.5,Paid social,299,261,Budget Social Travelers
RW-00881,41,83000,West Coast,6,10380,1730,Hiking & trekking,10,4,4,5,3,8,4,8,4,3,3,5,2,0.7,1360,6,0.038,0,5,0,3.2,Paid search,313,307,Adventure Purists
RW-00882,41,77000,Midwest,2,2940,1470,International adventure,4,3,5,6,4,1,10,4,8,7,7,9,4,0.8,1000,9,0.426,0,7,0,10.6,Organic search,67,426,Budget Social Travelers
RW-00883,54,57000,South,3,3390,1130,National parks,4,6,4,4,5,5,5,9,6,7,5,2,1,0.6,850,9,0.157,0,4,0,8.6,Creator partnership,191,188,Budget Social Travelers
RW-00884,24,79000,West Coast,2,4200,2100,Hiking & trekking,6,4,5,5,2,8,3,5,6,4,3,4,7,0.3,1560,8,0.257,0,5,0,4.4,Paid search,223,195,Adventure Purists
RW-00885,65,122000,West Coast,7,34650,4950,Cultural immersion,5,2,3,8,7,4,6,5,6,8,7,6,4,0.9,4820,8,0.204,0,4,1,9.9,Referral,108,1689,Experience Collectors
RW-00886,57,83000,Northeast,2,5040,2520,Wellness retreat,7,8,6,7,5,4,6,4,3,9,9,8,7,0.8,2320,9,0.53,0,8,0,30.0,Referral,64,1173,Restorative Adventurers
RW-00887,51,128000,Northeast,6,8220,1370,International adventure,10,4,6,7,1,6,2,8,2,3,4,3,4,1.0,1110,10,0.421,0,6,0,0.8,Organic search,94,586,Adventure Purists
RW-00888,34,294000,South,5,13300,2660,Cultural immersion,5,6,5,8,8,7,4,1,6,2,6,2,1,1.4,2470,5,0.011,0,4,0,16.7,Travel advisor,206,1084,Experience Collectors
RW-00889,43,125000,Midwest,7,28980,4140,National parks,6,4,5,7,5,5,6,4,7,7,5,3,5,1.7,3360,5,0.026,0,6,0,13.4,Creator partnership,357,1817,Experience Collectors
RW-00890,35,100000,West Coast,5,3900,780,Camping,6,6,4,8,2,3,9,9,7,9,7,7,4,1.3,700,9,0.368,1,7,0,3.1,Paid social,387,443,Budget Social Travelers
RW-00891,36,154000,West Coast,4,14680,3670,National parks,6,8,8,5,6,5,7,1,5,7,10,6,8,1.3,2980,8,0.345,0,5,1,27.3,Organic search,126,1825,Restorative Adventurers
RW-00892,42,123000,West Coast,1,1270,1270,Camping,5,8,5,3,4,1,5,6,6,8,3,4,1,0.3,930,7,0.055,0,4,0,10.6,Paid search,331,92,Budget Social Travelers
RW-00893,56,167000,Northeast,4,23640,5910,Wellness retreat,4,10,7,5,10,6,5,2,2,9,10,8,6,1.4,5480,10,0.655,1,9,0,23.9,Marketplace/OTA,233,6060,Restorative Adventurers
RW-00894,60,117000,West Coast,3,14220,4740,Outdoor photography,8,6,5,9,5,5,5,2,7,10,5,5,4,1.5,3750,7,0.102,0,5,0,11.9,Paid search,345,1941,Experience Collectors
RW-00895,31,140000,Northeast,5,12350,2470,Outdoor photography,3,5,8,9,3,4,4,2,4,4,6,7,7,1.2,2230,7,0.198,0,5,0,21.1,Referral,56,1034,Purposeful Explorers
RW-00896,42,98000,Northeast,4,7680,1920,Hiking & trekking,5,4,10,9,1,8,3,7,3,6,5,6,6,1.6,1580,9,0.426,0,3,0,14.6,Email/CRM,54,1345,Purposeful Explorers
RW-00897,44,197000,Northeast,4,17440,4360,International adventure,5,8,6,6,5,7,6,3,5,8,10,4,6,1.3,3580,10,0.54,0,6,0,34.0,Paid search,296,2992,Restorative Adventurers
RW-00898,55,167000,South,6,21420,3570,Cultural immersion,5,8,6,7,6,4,6,1,6,4,4,4,6,0.7,2270,4,0.017,0,3,0,14.7,Referral,84,501,Experience Collectors
RW-00899,38,157000,West Coast,4,14560,3640,International adventure,6,4,4,9,6,4,4,2,7,6,9,2,1,1.2,3110,10,0.273,0,7,2,9.7,Paid social,305,1589,Experience Collectors
RW-00900,45,93000,Mountain West,1,1240,1240,Backpacking,6,3,6,3,3,9,3,6,2,2,4,6,3,1.1,860,5,0.026,0,5,0,0.0,Referral,52,301,Budget Social Travelers
RW-00901,24,99000,Midwest,8,7760,970,Backpacking,10,3,9,4,2,7,1,10,5,2,6,7,5,0.7,700,6,0.079,0,6,1,0.0,Creator partnership,173,165,Adventure Purists
RW-00902,41,278000,Midwest,3,13860,4620,Hiking & trekking,6,8,4,6,6,6,5,2,7,8,8,7,6,1.6,4210,7,0.171,0,7,2,24.5,Travel advisor,250,2518,Restorative Adventurers
RW-00903,46,92000,Northeast,6,15120,2520,Cultural immersion,5,4,5,10,6,1,2,5,7,6,6,5,5,0.4,2400,9,0.354,0,6,0,12.1,Referral,74,458,Experience Collectors
RW-00904,28,94000,South,5,8150,1630,Hiking & trekking,8,3,7,7,3,7,3,7,2,4,4,3,3,0.4,1290,7,0.069,0,4,0,0.0,Referral,52,172,Adventure Purists
RW-00905,62,57000,South,2,3140,1570,Hiking & trekking,4,9,5,3,5,5,4,7,7,10,7,7,5,0.3,1440,8,0.257,0,7,3,3.4,Marketplace/OTA,438,180,Budget Social Travelers
RW-00906,36,85000,South,1,1560,1560,Camping,6,4,7,7,4,3,8,9,9,7,6,9,4,0.4,1270,8,0.269,1,7,0,5.7,Referral,49,215,Budget Social Travelers
RW-00907,39,48000,South,6,10200,1700,Camping,10,1,4,5,3,8,3,5,1,2,6,5,4,1.4,1460,6,0.053,0,4,0,2.7,Referral,43,669,Adventure Purists
RW-00908,44,208000,South,6,25680,4280,Cultural immersion,6,5,6,10,8,6,5,1,9,6,7,4,4,1.4,3590,7,0.091,0,5,0,15.5,Organic search,121,1714,Experience Collectors
RW-00909,29,175000,Mountain West,4,17480,4370,Hiking & trekking,7,9,8,9,7,7,4,3,7,10,9,6,6,1.7,3890,10,0.599,0,7,2,29.2,Email/CRM,47,4715,Restorative Adventurers
RW-00910,41,123000,South,4,16240,4060,Wellness retreat,6,8,7,6,6,3,4,4,5,6,5,9,7,1.1,2330,8,0.387,0,9,1,34.5,Creator partnership,282,1285,Restorative Adventurers
RW-00911,41,241000,West Coast,6,21960,3660,Hiking & trekking,7,3,7,8,4,6,7,4,6,6,5,9,5,1.2,2860,6,0.098,0,6,0,16.8,Email/CRM,39,1179,Purposeful Explorers
RW-00912,24,124000,Northeast,4,10640,2660,National parks,5,7,10,10,3,4,7,6,5,6,4,9,5,1.2,1960,7,0.179,0,9,0,15.4,Paid social,301,888,Purposeful Explorers
RW-00913,61,72000,Midwest,1,1830,1830,Hiking & trekking,5,4,4,5,5,4,5,7,3,7,5,5,3,0.6,1510,6,0.045,0,6,0,1.9,Paid search,359,294,Budget Social Travelers
RW-00914,57,86000,West Coast,4,5440,1360,Hiking & trekking,7,4,6,4,3,3,5,8,6,7,2,6,2,0.7,990,6,0.042,0,4,2,13.2,Marketplace/OTA,289,224,Adventure Purists
RW-00915,26,86000,Midwest,4,5160,1290,National parks,2,5,3,6,3,3,7,9,6,10,3,2,2,0.4,1040,5,0.013,0,3,0,11.4,Paid social,515,131,Budget Social Travelers
RW-00916,63,66000,West Coast,2,4260,2130,National parks,7,7,4,4,6,2,5,10,8,7,5,4,5,0.3,1460,7,0.107,0,6,1,0.0,Referral,68,152,Budget Social Travelers
RW-00917,47,141000,Mountain West,6,21660,3610,National parks,8,6,6,9,7,5,6,4,9,8,5,7,3,0.5,2650,6,0.056,0,6,0,7.4,Creator partnership,160,435,Experience Collectors
RW-00918,38,102000,West Coast,2,6100,3050,Outdoor photography,6,4,4,8,7,4,5,1,6,7,5,4,2,0.8,1950,9,0.221,0,6,1,16.8,Travel advisor,230,620,Experience Collectors
RW-00919,56,92000,West Coast,4,7680,1920,Hiking & trekking,7,10,6,5,6,5,5,7,3,7,8,7,6,1.1,1700,10,0.627,1,7,0,25.4,Paid search,258,1404,Restorative Adventurers
RW-00920,33,115000,West Coast,1,1360,1360,National parks,6,7,6,4,3,3,8,6,7,5,5,9,3,0.8,1070,6,0.07,0,7,0,1.3,Creator partnership,194,285,Budget Social Travelers
RW-00921,43,212000,Northeast,7,24710,3530,International adventure,3,4,5,6,5,4,5,1,6,7,6,6,5,1.1,3240,6,0.07,0,3,0,16.8,Paid social,193,1189,Experience Collectors
RW-00922,40,84000,Northeast,5,7700,1540,Outdoor photography,7,7,9,6,4,5,5,6,3,6,8,7,5,1.4,1160,9,0.411,0,7,1,22.8,Paid search,396,845,Purposeful Explorers
RW-00923,31,55000,West Coast,2,2600,1300,Hiking & trekking,6,6,4,7,8,2,8,8,8,7,5,9,2,1.0,1030,7,0.113,0,7,1,8.4,Paid social,376,360,Budget Social Travelers
RW-00924,30,89000,Mountain West,2,1980,990,Camping,4,5,2,5,3,3,7,8,9,7,5,7,4,0.6,800,9,0.368,0,7,0,11.9,Paid social,320,234,Budget Social Travelers
RW-00925,30,177000,Midwest,3,11910,3970,Hiking & trekking,6,6,1,6,6,6,4,5,9,8,8,2,5,1.3,3350,6,0.045,0,4,0,11.0,Paid social,316,1413,Experience Collectors
RW-00926,53,206000,Northeast,3,18120,6040,Wellness retreat,6,7,6,6,8,6,7,3,2,10,10,8,7,1.4,5260,10,0.694,1,9,0,17.6,Paid search,367,6262,Restorative Adventurers
RW-00927,45,97000,West Coast,5,17550,3510,International adventure,7,5,4,10,8,2,3,6,9,7,5,3,6,1.0,2240,6,0.06,0,5,0,25.7,Paid search,232,738,Experience Collectors
RW-00928,27,124000,Midwest,2,5140,2570,Cultural immersion,5,7,7,8,4,8,7,6,7,8,6,7,7,1.5,1790,7,0.198,0,6,0,7.1,Referral,59,1037,Purposeful Explorers
RW-00929,24,65000,South,3,3810,1270,Hiking & trekking,5,5,2,6,4,3,8,8,7,7,5,7,5,1.0,890,9,0.411,0,9,2,4.2,Marketplace/OTA,265,463,Budget Social Travelers
RW-00930,33,77000,West Coast,2,2100,1050,Hiking & trekking,5,6,3,6,2,4,8,10,7,7,5,8,2,0.9,950,10,0.48,1,8,1,0.0,Paid social,232,497,Budget Social Travelers
RW-00931,43,125000,Midwest,4,11400,2850,National parks,6,7,7,7,7,6,7,2,3,10,10,4,7,0.9,2930,10,0.584,1,6,2,17.0,Marketplace/OTA,418,1832,Restorative Adventurers
RW-00932,32,218000,Northeast,1,4030,4030,Hiking & trekking,8,9,8,5,8,4,7,5,3,10,8,6,7,1.2,3570,10,0.641,0,6,2,20.2,Paid social,515,3299,Restorative Adventurers
RW-00933,32,50000,Midwest,12,19800,1650,Backpacking,10,4,4,6,2,8,6,7,6,1,3,4,2,0.6,1270,6,0.034,0,7,0,6.8,Paid search,248,244,Adventure Purists
RW-00934,26,97000,Midwest,3,6930,2310,International adventure,7,6,9,9,2,5,4,7,5,5,4,8,6,1.3,1720,7,0.188,0,6,0,9.9,Paid social,310,854,Purposeful Explorers
RW-00935,41,137000,West Coast,3,11310,3770,Cultural immersion,7,5,8,7,4,4,5,4,2,4,8,7,7,1.5,2750,4,0.029,0,4,0,12.8,Organic search,75,1317,Purposeful Explorers
RW-00936,48,256000,West Coast,6,54060,9010,Cultural immersion,5,2,4,7,8,4,5,1,9,10,5,5,5,1.6,6360,8,0.214,0,7,1,14.4,Referral,57,4012,Experience Collectors
RW-00937,44,93000,Midwest,1,1420,1420,Wellness retreat,5,5,3,5,5,4,5,8,6,9,5,4,2,0.4,1290,7,0.065,0,5,1,9.8,Referral,46,171,Budget Social Travelers
RW-00938,42,179000,West Coast,1,3850,3850,International adventure,7,3,4,7,6,3,5,3,5,7,6,6,3,1.4,2690,9,0.302,1,8,1,11.9,Paid search,592,1667,Budget Social Travelers
RW-00939,34,96000,West Coast,1,1490,1490,Outdoor photography,7,8,8,9,2,7,5,4,6,5,6,10,4,0.9,1400,9,0.455,1,8,1,22.3,Paid search,306,703,Purposeful Explorers
RW-00940,29,145000,Northeast,7,32200,4600,Outdoor photography,5,7,5,8,7,7,4,5,8,7,7,3,2,1.3,3750,10,0.336,0,9,2,9.5,Creator partnership,323,2267,Experience Collectors
RW-00941,33,258000,Northeast,3,15270,5090,International adventure,9,9,7,7,7,7,6,4,5,8,10,6,6,1.9,4920,9,0.426,0,7,1,27.1,Paid social,374,4974,Restorative Adventurers
RW-00942,42,120000,South,2,5560,2780,Outdoor photography,5,4,7,8,4,3,5,7,3,7,7,7,5,0.5,2320,8,0.257,0,7,1,10.2,Referral,55,484,Purposeful Explorers
RW-00943,53,241000,Northeast,5,24150,4830,Cultural immersion,3,5,5,7,10,6,6,3,6,4,8,4,2,0.7,4190,9,0.221,0,8,2,7.8,Organic search,59,1167,Experience Collectors
RW-00944,40,86000,Northeast,5,11450,2290,Hiking & trekking,9,4,7,6,4,7,5,8,5,3,5,6,3,1.2,1810,6,0.05,0,4,0,0.0,Organic search,71,709,Adventure Purists
RW-00945,32,104000,West Coast,3,5040,1680,Backpacking,10,3,5,6,2,7,2,6,6,2,3,5,4,0.3,1190,7,0.102,0,3,0,1.9,Paid social,329,123,Adventure Purists
RW-00946,34,101000,South,2,6820,3410,Hiking & trekking,5,7,9,8,8,5,6,5,6,9,8,10,7,0.9,2690,8,0.416,0,9,0,24.7,Marketplace/OTA,312,1269,Purposeful Explorers
RW-00947,33,103000,South,2,4540,2270,Surf,6,5,3,7,5,3,8,7,10,5,6,7,6,1.1,1790,7,0.171,0,7,0,3.5,Creator partnership,265,736,Budget Social Travelers
RW-00948,42,112000,Northeast,1,2120,2120,National parks,7,5,9,8,4,5,7,4,9,7,6,7,9,1.7,2070,7,0.261,0,5,0,10.0,Referral,55,1475,Purposeful Explorers
RW-00949,24,108000,South,4,10760,2690,Hiking & trekking,8,6,6,7,6,5,5,8,5,7,5,7,7,0.7,2000,10,0.668,1,7,0,11.0,Paid search,410,1134,Purposeful Explorers
RW-00950,51,197000,Midwest,4,21080,5270,Wellness retreat,7,10,8,7,9,4,6,3,4,9,8,6,6,1.3,4120,8,0.269,1,7,1,36.8,Creator partnership,187,2268,Restorative Adventurers
RW-00951,49,88000,West Coast,3,4830,1610,Surf,9,5,8,8,4,10,3,6,4,1,3,9,6,0.9,1210,8,0.345,1,5,2,6.4,Organic search,87,513,Purposeful Explorers
RW-00952,54,250000,West Coast,4,19920,4980,Surf,4,10,7,5,8,6,6,3,4,10,8,7,7,1.2,4220,10,0.668,0,7,4,26.2,Creator partnership,146,4101,Restorative Adventurers
RW-00953,43,229000,West Coast,6,27900,4650,Wellness retreat,5,8,8,6,10,6,6,3,7,9,7,7,8,2.1,3700,9,0.545,1,5,0,21.6,Paid search,266,5038,Restorative Adventurers
RW-00954,47,153000,South,5,18050,3610,Wellness retreat,6,3,2,7,7,1,3,4,7,6,6,2,6,1.7,2750,8,0.185,0,6,1,16.9,Marketplace/OTA,345,1779,Experience Collectors
RW-00955,65,124000,South,1,1830,1830,Wellness retreat,7,7,3,5,6,4,6,7,3,8,5,6,4,0.5,980,6,0.06,0,2,0,13.7,Organic search,86,162,Budget Social Travelers
RW-00956,45,147000,Midwest,4,7200,1800,Hiking & trekking,3,6,8,9,3,4,5,4,2,7,7,10,6,0.9,1400,7,0.228,0,5,0,15.4,Referral,61,506,Purposeful Explorers
RW-00957,41,59000,West Coast,2,3320,1660,Hiking & trekking,6,6,8,10,2,3,7,6,7,6,7,8,5,1.0,1460,7,0.162,0,7,2,20.4,Organic search,76,540,Purposeful Explorers
RW-00958,35,72000,South,5,10500,2100,Backpacking,10,2,6,5,4,6,4,7,4,3,7,4,5,0.9,1800,8,0.195,0,4,0,0.8,Referral,46,623,Adventure Purists
RW-00959,57,88000,Mountain West,1,1150,1150,International adventure,10,1,3,4,4,8,3,6,3,4,2,7,5,1.1,850,7,0.147,0,4,0,18.9,Paid search,375,340,Adventure Purists
RW-00960,40,86000,Midwest,5,6150,1230,Camping,7,2,5,6,2,7,3,6,3,3,1,7,4,1.3,1070,9,0.368,1,5,0,4.7,Marketplace/OTA,288,678,Adventure Purists
RW-00961,23,122000,West Coast,3,9450,3150,Backpacking,5,1,5,4,6,8,3,5,5,1,3,5,5,0.5,2090,6,0.063,0,5,0,0.0,Organic search,124,346,Adventure Purists
RW-00962,54,120000,West Coast,2,2460,1230,Camping,8,4,7,5,3,9,6,8,2,3,1,5,3,1.0,1120,5,0.023,0,4,0,0.0,Referral,64,355,Adventure Purists
RW-00963,37,144000,South,6,14820,2470,Cultural immersion,3,4,5,8,6,2,4,5,9,8,7,4,3,0.8,2200,10,0.406,0,7,0,7.9,Organic search,104,909,Experience Collectors
RW-00964,41,117000,Midwest,5,12500,2500,Wellness retreat,5,5,4,7,7,4,7,2,5,5,7,5,6,1.7,2080,7,0.139,0,4,0,11.0,Paid social,303,1274,Experience Collectors
RW-00965,40,56000,Northeast,4,4560,1140,Camping,2,6,3,5,3,4,9,10,6,7,4,5,4,0.6,990,8,0.185,1,6,0,4.9,Email/CRM,38,226,Budget Social Travelers
RW-00966,45,80000,South,1,1430,1430,Camping,8,2,5,6,3,7,3,4,2,4,2,5,3,0.3,880,7,0.086,0,5,0,0.0,Organic search,86,90,Adventure Purists
RW-00967,45,67000,Midwest,1,2700,2700,Hiking & trekking,4,3,4,3,4,4,5,6,4,8,4,4,5,0.3,1870,5,0.029,0,2,0,1.4,Organic search,74,179,Budget Social Travelers
RW-00968,30,175000,South,5,15900,3180,Cultural immersion,7,6,6,7,7,4,6,4,6,3,4,3,5,1.8,2670,5,0.026,0,4,0,9.6,Paid search,298,1529,Experience Collectors
RW-00969,26,42000,South,3,1920,640,International adventure,4,4,5,8,3,2,10,8,10,7,4,7,4,1.5,700,8,0.224,0,8,0,8.3,Creator partnership,192,419,Budget Social Travelers
RW-00970,35,169000,West Coast,5,23200,4640,International adventure,3,3,3,7,7,3,4,3,6,7,5,4,4,1.3,3490,7,0.091,0,6,1,7.7,Referral,64,1547,Experience Collectors
RW-00971,39,84000,Northeast,8,40160,5020,Hiking & trekking,6,10,7,4,8,5,4,2,8,10,9,5,5,1.2,4990,8,0.214,0,7,1,17.6,Referral,62,2361,Restorative Adventurers
RW-00972,39,146000,Northeast,10,56600,5660,International adventure,4,3,5,9,7,7,5,3,8,8,4,2,3,1.5,5620,6,0.032,1,5,1,3.1,Paid search,204,2699,Experience Collectors
RW-00973,55,113000,West Coast,7,14770,2110,International adventure,4,5,5,8,5,5,5,3,7,7,4,3,5,0.3,1500,7,0.096,0,6,1,10.8,Paid search,220,154,Experience Collectors
RW-00974,48,75000,South,2,2100,1050,Wellness retreat,4,6,5,6,3,4,4,9,5,7,6,1,2,0.7,880,4,0.006,0,1,0,0.0,Referral,65,193,Budget Social Travelers
RW-00975,53,126000,Midwest,7,29330,4190,International adventure,9,5,7,6,6,5,4,4,5,9,9,6,10,1.2,3600,10,0.754,1,5,1,29.9,Travel advisor,234,4117,Restorative Adventurers
RW-00976,32,136000,Midwest,1,1340,1340,Camping,5,3,5,6,5,1,7,7,10,5,7,7,3,1.8,1030,8,0.195,1,8,0,4.1,Creator partnership,245,713,Budget Social Travelers
RW-00977,38,93000,Midwest,5,9050,1810,Backpacking,8,5,6,4,3,8,4,6,3,6,2,5,5,0.3,1340,8,0.214,1,4,0,0.0,Referral,53,159,Adventure Purists
RW-00978,41,104000,Midwest,3,4320,1440,Camping,8,5,4,4,1,7,1,7,5,5,4,6,4,0.6,960,8,0.204,0,7,1,5.6,Organic search,99,224,Adventure Purists
RW-00979,24,109000,West Coast,6,14040,2340,Backpacking,10,2,6,6,4,6,4,6,3,1,1,3,4,0.9,1660,10,0.421,0,6,0,0.0,Paid search,287,789,Adventure Purists
RW-00980,38,151000,Mountain West,5,17350,3470,National parks,5,4,5,8,6,5,1,4,8,6,7,6,4,1.0,2600,6,0.06,0,5,0,18.0,Paid search,298,857,Experience Collectors
RW-00981,37,98000,West Coast,1,2050,2050,National parks,5,4,4,3,5,3,4,9,8,10,3,2,1,0.7,1730,6,0.022,0,3,0,12.1,Marketplace/OTA,188,384,Budget Social Travelers
RW-00982,32,108000,Midwest,1,2390,2390,Cultural immersion,4,5,8,8,3,5,6,5,4,5,6,10,8,0.9,1870,7,0.297,0,4,0,11.7,Marketplace/OTA,234,741,Purposeful Explorers
RW-00983,25,69000,South,2,1660,830,Hiking & trekking,5,6,5,8,1,1,6,7,9,6,4,10,3,1.1,700,10,0.584,1,10,1,0.0,Paid social,373,535,Budget Social Travelers
RW-00984,21,161000,Mountain West,3,7980,2660,Backpacking,7,2,7,4,2,9,5,3,3,4,5,4,4,1.4,2280,7,0.091,0,6,1,3.6,Marketplace/OTA,372,1089,Adventure Purists
RW-00985,50,142000,Midwest,7,19810,2830,International adventure,5,5,5,9,7,4,3,4,9,4,6,4,3,1.5,2030,7,0.077,0,7,0,14.0,Creator partnership,215,1023,Experience Collectors
RW-00986,29,79000,South,3,2670,890,National parks,4,5,4,5,4,5,5,8,9,5,4,5,1,0.6,710,10,0.35,0,7,1,7.6,Paid social,493,202,Budget Social Travelers
RW-00987,33,110000,Mountain West,3,11730,3910,International adventure,6,10,9,7,8,4,4,5,5,9,9,7,7,1.0,2990,9,0.5,0,7,0,22.0,Organic search,99,1796,Restorative Adventurers
RW-00988,39,95000,South,2,6700,3350,Cultural immersion,7,3,5,8,7,6,4,3,5,7,6,3,5,1.4,2630,9,0.302,0,7,0,23.0,Marketplace/OTA,251,1630,Experience Collectors
RW-00989,41,195000,West Coast,3,15990,5330,Wellness retreat,6,7,6,5,8,5,7,5,6,7,8,7,7,1.4,4150,10,0.668,1,7,1,13.0,Paid search,198,4705,Restorative Adventurers
RW-00990,37,84000,West Coast,1,1690,1690,National parks,5,7,8,9,5,6,5,3,5,5,8,9,8,0.8,1580,10,0.754,1,7,2,11.5,Paid social,347,1205,Purposeful Explorers
RW-00991,25,43000,South,3,3570,1190,International adventure,7,6,3,6,4,3,8,7,9,6,4,7,6,0.9,1090,8,0.293,0,9,1,10.1,Creator partnership,276,429,Budget Social Travelers
RW-00992,46,68000,Midwest,3,7410,2470,Hiking & trekking,5,4,9,9,1,4,6,4,5,4,7,10,5,1.3,2340,10,0.668,1,9,2,9.3,Travel advisor,209,2463,Purposeful Explorers
RW-00993,35,80000,Mountain West,1,1420,1420,Cultural immersion,6,6,10,6,5,3,7,6,3,6,7,8,5,1.3,1310,10,0.613,0,8,2,11.1,Marketplace/OTA,274,1246,Purposeful Explorers
RW-00994,45,188000,Northeast,5,18550,3710,Wellness retreat,7,10,7,9,9,7,8,2,7,8,9,4,6,1.5,3560,7,0.126,0,3,0,24.5,Paid social,315,1893,Restorative Adventurers
RW-00995,21,75000,Mountain West,1,1070,1070,National parks,4,5,4,3,4,4,5,8,9,7,3,4,4,0.4,810,8,0.168,0,5,0,5.9,Organic search,99,121,Budget Social Travelers
RW-00996,35,94000,Northeast,2,3680,1840,Backpacking,10,4,8,6,4,8,2,5,4,3,1,4,6,1.5,1270,8,0.224,0,6,0,10.9,Referral,90,761,Adventure Purists
RW-00997,34,58000,South,4,5760,1440,Camping,6,9,5,7,1,4,9,9,8,8,5,9,5,1.1,1010,8,0.306,0,6,0,0.0,Marketplace/OTA,283,495,Budget Social Travelers
RW-00998,46,91000,Midwest,5,22900,4580,Cultural immersion,7,5,3,8,6,4,4,6,9,7,2,4,4,0.7,2680,10,0.45,1,8,0,15.7,Paid search,234,1038,Experience Collectors
RW-00999,78,48000,Midwest,1,1280,1280,National parks,5,7,2,4,7,4,9,10,4,7,3,4,6,0.8,1020,6,0.067,0,2,0,15.0,Creator partnership,133,271,Budget Social Travelers
RW-01000,34,70000,West Coast,1,4900,4900,Wellness retreat,7,7,9,8,5,6,2,5,2,8,6,6,8,1.1,3870,10,0.681,1,6,1,16.0,Referral,99,3533,Purposeful Explorers
RW-01001,43,174000,Northeast,6,23580,3930,National parks,6,6,3,9,7,4,5,2,7,4,9,2,3,1.0,3540,5,0.016,0,4,0,17.5,Paid social,323,1115,Experience Collectors
RW-01002,47,138000,Midwest,2,5440,2720,Camping,10,5,6,4,4,6,2,6,2,1,3,2,6,0.7,2190,9,0.314,0,4,0,0.1,Organic search,71,691,Adventure Purists
RW-01003,52,63000,Northeast,3,9240,3080,International adventure,6,5,4,9,7,5,6,4,8,8,5,3,5,0.3,1930,6,0.05,0,4,0,24.1,Organic search,106,189,Experience Collectors
RW-01004,39,155000,Northeast,4,26880,6720,Cultural immersion,6,5,5,8,8,2,4,3,5,8,9,6,4,1.2,5970,7,0.113,0,4,0,13.0,Paid search,280,2504,Experience Collectors
RW-01005,32,74000,West Coast,6,8760,1460,National parks,7,5,3,6,3,2,8,8,8,9,5,6,5,0.8,1010,8,0.235,0,7,0,6.1,Paid search,261,327,Adventure Purists
RW-01006,39,66000,West Coast,1,1040,1040,Camping,9,1,5,4,3,9,4,6,4,3,3,6,3,0.9,730,6,0.05,0,6,1,7.2,Referral,70,214,Adventure Purists
RW-01007,29,54000,West Coast,1,1270,1270,Camping,4,6,5,6,5,3,7,9,8,7,3,5,4,1.1,790,8,0.185,1,7,0,0.0,Paid search,331,331,Budget Social Travelers
RW-01008,36,150000,West Coast,1,2820,2820,Wellness retreat,6,8,8,4,7,7,8,4,7,7,9,8,7,1.7,2410,10,0.694,1,10,2,20.2,Paid search,366,3484,Restorative Adventurers
RW-01009,28,58000,Northeast,3,2730,910,Hiking & trekking,6,5,5,5,4,3,8,5,10,5,2,10,3,0.3,700,7,0.147,1,8,1,0.0,Referral,45,76,Budget Social Travelers
RW-01010,50,77000,Northeast,1,1280,1280,Backpacking,10,4,8,8,2,6,3,3,4,5,5,6,2,1.1,790,7,0.082,0,5,0,0.0,Paid search,330,293,Purposeful Explorers
RW-01011,27,37000,South,1,890,890,Surf,6,5,6,8,3,3,7,8,10,7,4,7,4,0.9,700,5,0.034,0,6,0,4.2,Paid social,288,202,Budget Social Travelers
RW-01012,30,74000,West Coast,3,3030,1010,Surf,6,6,4,5,3,4,7,9,10,6,2,8,4,1.3,700,6,0.074,0,8,0,2.4,Marketplace/OTA,327,305,Budget Social Travelers
RW-01013,47,48000,West Coast,1,2230,2230,Backpacking,10,1,6,3,2,7,4,8,3,4,4,4,3,1.1,1800,10,0.406,1,7,0,0.0,Creator partnership,235,1022,Adventure Purists
RW-01014,29,83000,Northeast,2,2840,1420,Camping,3,5,1,5,5,1,6,7,8,9,3,6,2,0.4,900,7,0.082,0,6,0,2.9,Paid search,318,122,Budget Social Travelers
RW-01015,35,213000,West Coast,3,12810,4270,Wellness retreat,10,7,7,4,6,6,6,3,4,6,9,8,6,1.5,4140,10,0.655,1,7,0,23.6,Email/CRM,47,4905,Restorative Adventurers
RW-01016,30,124000,West Coast,6,27000,4500,Cultural immersion,4,4,4,8,7,7,3,4,8,8,4,4,4,0.4,2930,9,0.289,0,5,0,13.2,Marketplace/OTA,450,510,Experience Collectors
RW-01017,21,57000,West Coast,3,4470,1490,National parks,6,4,5,5,5,4,8,5,7,7,4,5,3,0.4,1010,8,0.16,1,8,0,0.0,Paid social,269,149,Budget Social Travelers
RW-01018,59,86000,Midwest,6,14820,2470,National parks,7,7,10,8,4,7,7,3,1,7,4,7,7,1.3,2130,10,0.668,0,6,3,31.0,Referral,48,2242,Purposeful Explorers
RW-01019,32,220000,West Coast,9,36810,4090,International adventure,7,3,6,7,8,5,5,1,9,7,5,7,3,1.5,3070,7,0.107,0,7,0,15.1,Organic search,71,1599,Experience Collectors
RW-01020,35,100000,South,6,14340,2390,Backpacking,9,2,7,5,1,6,3,5,3,1,5,6,3,0.7,1870,8,0.177,0,6,0,0.0,Organic search,76,493,Adventure Purists
RW-01021,53,97000,West Coast,3,3030,1010,Cultural immersion,7,6,10,8,2,6,4,9,6,6,4,8,7,1.3,830,7,0.218,1,3,0,13.1,Referral,63,427,Purposeful Explorers
RW-01022,24,89000,South,4,5840,1460,National parks,5,5,2,4,7,1,8,7,9,7,4,9,4,0.6,1100,8,0.269,0,7,2,6.4,Paid social,357,279,Budget Social Travelers
RW-01023,53,66000,South,1,1240,1240,Wellness retreat,4,9,4,6,3,1,9,7,9,7,5,3,5,0.4,990,8,0.177,0,7,0,4.5,Paid social,476,149,Budget Social Travelers
RW-01024,46,117000,West Coast,1,1090,1090,Camping,9,5,5,8,2,8,6,7,4,3,3,2,5,0.8,760,8,0.16,0,4,0,4.2,Creator partnership,189,224,Adventure Purists
RW-01025,21,51000,South,2,1580,790,Surf,4,6,2,7,4,4,10,10,7,6,5,9,5,0.7,710,8,0.306,1,10,0,0.0,Paid social,476,221,Budget Social Travelers
RW-01026,52,173000,West Coast,5,18600,3720,Wellness retreat,7,8,5,5,7,5,7,3,3,8,7,9,6,1.7,2790,10,0.681,1,8,1,18.2,Paid search,314,3937,Restorative Adventurers
RW-01027,31,70000,South,1,1010,1010,Camping,3,4,4,4,2,3,5,10,6,8,2,5,2,0.8,700,8,0.137,0,5,1,0.0,Paid search,439,201,Budget Social Travelers
RW-01028,56,173000,South,5,17550,3510,International adventure,7,10,4,9,6,3,6,3,4,8,8,5,6,1.3,2300,9,0.397,0,9,1,20.7,Paid search,260,1521,Restorative Adventurers
RW-01029,29,148000,Mountain West,4,7640,1910,Surf,5,5,5,8,3,3,9,6,8,7,4,6,6,1.0,1420,9,0.426,0,5,1,5.7,Marketplace/OTA,268,756,Budget Social Travelers
RW-01030,49,42000,Midwest,8,9680,1210,Backpacking,10,7,6,5,4,6,2,7,4,3,3,5,5,0.8,850,9,0.354,0,6,0,0.0,Paid search,246,325,Adventure Purists
RW-01031,36,85000,Midwest,5,10050,2010,National parks,7,6,6,6,4,2,8,9,10,6,4,9,3,1.7,1510,8,0.235,0,9,1,0.3,Organic search,61,1040,Budget Social Travelers
RW-01032,32,77000,Mountain West,4,5200,1300,Camping,8,5,4,4,4,2,10,10,7,9,7,6,2,0.6,1110,8,0.152,1,5,2,0.0,Paid social,298,243,Budget Social Travelers
RW-01033,34,101000,West Coast,7,10710,1530,Hiking & trekking,10,3,5,7,2,8,7,6,4,1,4,4,3,0.7,1210,5,0.02,0,3,0,15.6,Creator partnership,181,268,Adventure Purists
RW-01034,29,76000,South,3,6720,2240,National parks,4,6,5,6,6,5,5,8,9,8,5,6,2,0.3,1690,8,0.152,0,7,0,0.0,Referral,96,185,Budget Social Travelers
RW-01035,33,115000,Northeast,4,6960,1740,Hiking & trekking,10,1,6,6,2,8,5,6,3,1,5,5,3,0.7,1240,6,0.045,0,3,0,0.0,Marketplace/OTA,243,282,Adventure Purists
RW-01036,26,88000,Northeast,4,6200,1550,Hiking & trekking,5,6,8,5,5,3,9,6,10,6,8,8,6,0.9,1410,8,0.319,0,7,1,0.0,Paid social,231,575,Purposeful Explorers
RW-01037,42,147000,West Coast,6,20100,3350,Wellness retreat,6,8,10,8,7,4,8,3,5,8,8,9,7,1.5,2600,9,0.56,1,8,2,19.1,Marketplace/OTA,193,2595,Restorative Adventurers
RW-01038,36,113000,South,1,2190,2190,Hiking & trekking,7,2,7,5,2,6,4,4,4,3,5,5,2,0.8,1770,5,0.019,0,1,0,11.6,Marketplace/OTA,292,447,Adventure Purists
RW-01039,21,65000,West Coast,3,7110,2370,Hiking & trekking,9,3,5,5,4,10,2,6,4,3,4,4,4,0.7,2010,8,0.168,1,4,1,8.5,Creator partnership,174,524,Adventure Purists
RW-01040,39,124000,Northeast,3,11850,3950,Hiking & trekking,4,4,5,7,6,6,4,5,9,7,3,4,2,1.5,3080,6,0.034,0,6,1,21.3,Creator partnership,220,1482,Experience Collectors
RW-01041,33,179000,West Coast,4,14920,3730,Cultural immersion,7,6,4,9,8,3,4,3,6,7,7,4,6,0.9,3810,9,0.368,0,4,2,13.6,Email/CRM,37,1671,Experience Collectors
RW-01042,25,40000,Midwest,1,710,710,Camping,3,7,3,5,4,2,7,9,9,7,4,7,6,0.9,700,8,0.293,0,7,0,0.0,Creator partnership,293,276,Budget Social Travelers
RW-01043,24,61000,Mountain West,1,630,630,International adventure,7,5,4,4,2,1,4,10,8,8,6,9,4,0.8,700,7,0.154,1,7,1,7.9,Paid social,337,205,Budget Social Travelers
RW-01044,41,127000,Northeast,1,1070,1070,Camping,6,3,5,5,6,2,7,7,8,7,5,8,6,0.9,830,9,0.485,0,4,0,9.4,Referral,50,438,Budget Social Travelers
RW-01045,48,128000,Midwest,2,9420,4710,Outdoor photography,7,4,5,9,8,3,4,5,7,8,4,5,6,1.3,3170,9,0.397,0,6,2,8.1,Creator partnership,243,2096,Experience Collectors
RW-01046,39,118000,West Coast,3,7740,2580,Hiking & trekking,8,10,8,9,5,5,6,4,3,9,10,7,7,1.3,2370,10,0.668,1,6,2,18.5,Marketplace/OTA,336,2495,Restorative Adventurers
RW-01047,40,150000,West Coast,8,40880,5110,Outdoor photography,6,3,5,9,8,3,8,3,6,4,4,1,5,1.0,3810,8,0.144,0,5,0,17.1,Paid search,234,1380,Experience Collectors
RW-01048,39,117000,Northeast,3,6270,2090,Cultural immersion,7,6,8,5,3,4,4,5,2,6,8,7,7,1.0,1680,10,0.668,1,7,1,17.6,Paid social,238,1361,Purposeful Explorers
RW-01049,36,125000,West Coast,5,13150,2630,National parks,7,6,9,9,3,6,7,4,7,5,3,5,9,1.0,2150,8,0.359,1,8,0,14.8,Organic search,94,1033,Purposeful Explorers
RW-01050,36,164000,Northeast,1,5760,5760,International adventure,9,8,6,7,8,4,4,5,5,9,7,9,7,1.9,4640,8,0.387,0,7,2,16.0,Creator partnership,114,4420,Restorative Adventurers
RW-01051,29,65000,Midwest,2,2660,1330,Surf,4,5,5,6,5,1,9,10,8,6,2,9,4,0.7,850,8,0.269,1,8,2,15.2,Referral,52,252,Budget Social Travelers
RW-01052,65,184000,West Coast,8,25920,3240,Cultural immersion,5,4,5,9,8,5,1,3,7,4,4,4,3,1.2,2270,6,0.04,0,4,0,8.7,Referral,97,880,Experience Collectors
RW-01053,41,168000,West Coast,1,2840,2840,Hiking & trekking,9,10,8,6,7,7,5,2,6,8,9,7,6,1.4,2080,10,0.627,1,8,0,21.5,Email/CRM,37,2186,Restorative Adventurers
RW-01054,28,125000,South,2,8720,4360,Outdoor photography,6,5,8,8,8,5,4,6,9,5,7,4,3,0.7,3280,8,0.144,0,7,0,14.4,Organic search,56,832,Experience Collectors
RW-01055,37,201000,Mountain West,7,39130,5590,Hiking & trekking,6,6,6,5,7,7,6,3,5,7,7,4,6,1.4,5100,8,0.224,1,7,1,18.2,Paid search,285,2852,Experience Collectors
RW-01056,30,71000,West Coast,3,4020,1340,Camping,1,4,4,5,6,5,10,7,8,9,4,9,2,1.9,1090,8,0.204,0,9,0,1.3,Creator partnership,156,807,Budget Social Travelers
RW-01057,21,165000,Northeast,6,7080,1180,Camping,2,7,5,4,1,3,5,7,5,9,3,6,3,0.3,980,7,0.096,0,6,0,9.4,Referral,56,101,Budget Social Travelers
RW-01058,46,199000,West Coast,7,31640,4520,Cultural immersion,1,4,4,9,7,4,4,3,9,6,7,6,6,1.3,3460,7,0.154,0,6,1,16.1,Organic search,131,1649,Experience Collectors
RW-01059,21,62000,West Coast,1,1390,1390,International adventure,4,2,3,6,3,3,6,10,9,4,1,7,2,1.2,870,7,0.091,0,6,0,0.0,Referral,77,356,Budget Social Travelers
RW-01060,22,115000,Midwest,5,7400,1480,Camping,5,5,6,3,4,6,9,7,8,5,5,7,2,0.7,1050,9,0.289,1,7,0,5.2,Creator partnership,332,320,Budget Social Travelers
RW-01061,50,67000,South,2,3320,1660,National parks,4,6,4,4,4,3,7,9,8,7,4,3,2,0.4,1400,10,0.336,0,5,0,0.0,Paid social,378,260,Budget Social Travelers
RW-01062,29,67000,Northeast,2,3060,1530,Hiking & trekking,4,5,5,8,2,3,9,7,7,8,3,6,4,1.3,1140,10,0.51,0,7,1,2.3,Paid social,227,905,Budget Social Travelers
RW-01063,40,206000,West Coast,3,16800,5600,International adventure,9,8,7,7,9,9,5,3,6,10,8,8,6,1.2,4840,6,0.103,0,7,0,27.1,Organic search,76,2008,Restorative Adventurers
RW-01064,26,48000,Midwest,1,1470,1470,Hiking & trekking,7,6,4,5,4,4,10,9,8,6,5,7,3,1.0,1330,6,0.056,0,4,0,0.0,Paid search,370,437,Budget Social Travelers
RW-01065,44,170000,West Coast,5,17150,3430,Hiking & trekking,8,8,6,6,6,4,6,2,5,8,9,6,7,1.2,3120,7,0.179,0,2,0,25.6,Paid search,490,1414,Restorative Adventurers
RW-01066,35,122000,West Coast,1,1910,1910,Hiking & trekking,2,4,7,5,3,2,6,7,6,8,4,4,2,0.7,1310,8,0.123,1,4,1,0.0,Paid search,253,324,Budget Social Travelers
RW-01067,38,122000,West Coast,3,5070,1690,Backpacking,8,2,5,2,3,6,4,6,1,1,4,4,4,0.4,1550,7,0.091,0,4,0,5.1,Referral,67,211,Adventure Purists
RW-01068,30,164000,Midwest,6,10260,1710,Hiking & trekking,5,3,5,7,5,1,10,6,7,5,8,10,3,0.9,1560,8,0.257,0,5,0,5.5,Paid social,310,585,Purposeful Explorers
RW-01069,34,106000,Midwest,7,30520,4360,Hiking & trekking,6,5,5,10,7,3,3,5,6,7,9,5,3,0.5,4130,8,0.16,0,5,0,10.9,Marketplace/OTA,307,762,Experience Collectors
RW-01070,41,95000,Northeast,2,4660,2330,Hiking & trekking,10,2,6,5,5,5,4,4,5,3,3,4,5,1.1,1950,7,0.107,0,6,0,5.1,Organic search,86,745,Adventure Purists
RW-01071,36,92000,South,1,2380,2380,National parks,5,4,10,7,2,5,5,6,5,10,6,10,5,1.5,2050,6,0.109,0,5,0,14.0,Paid search,249,1070,Purposeful Explorers
RW-01072,30,46000,Northeast,6,4860,810,Hiking & trekking,6,5,5,6,3,2,10,8,7,6,7,9,3,0.8,700,8,0.235,0,8,1,7.8,Paid search,391,227,Budget Social Travelers
RW-01073,36,115000,Northeast,2,3700,1850,Camping,10,3,5,5,2,8,1,7,4,4,4,6,5,1.0,1420,6,0.07,0,6,0,13.5,Paid social,344,474,Adventure Purists
RW-01074,54,119000,Midwest,3,3600,1200,National parks,4,4,7,6,3,2,8,7,5,7,3,5,5,0.3,920,7,0.119,0,6,1,1.2,Paid search,364,97,Budget Social Travelers
RW-01075,32,174000,Midwest,5,11100,2220,Cultural immersion,8,4,10,9,1,8,3,1,5,5,6,8,6,0.9,1670,7,0.188,0,5,0,21.9,Referral,72,574,Purposeful Explorers
RW-01076,38,234000,Northeast,7,36330,5190,Hiking & trekking,8,10,5,6,7,8,5,1,6,8,8,6,8,1.5,4600,9,0.515,0,5,1,32.4,Organic search,134,4251,Restorative Adventurers
RW-01077,33,70000,Northeast,3,2310,770,Camping,9,7,5,6,4,3,9,8,7,6,4,6,5,0.8,700,8,0.235,0,8,3,0.0,Organic search,54,227,Budget Social Travelers
RW-01078,38,91000,South,5,7500,1500,Backpacking,9,4,4,5,3,4,1,6,1,2,6,4,5,1.5,1240,4,0.014,0,2,0,18.0,Organic search,79,585,Adventure Purists
RW-01079,21,55000,Northeast,1,1810,1810,Surf,6,4,5,4,4,2,9,5,10,8,3,10,3,0.5,1530,8,0.257,0,9,1,2.6,Organic search,90,319,Budget Social Travelers
RW-01080,39,146000,West Coast,3,10890,3630,Wellness retreat,7,9,4,9,7,8,5,3,6,8,9,5,8,1.7,2750,10,0.655,0,7,0,34.9,Travel advisor,311,3693,Restorative Adventurers
RW-01081,40,104000,West Coast,4,9920,2480,National parks,7,5,5,6,7,5,4,5,6,7,9,9,7,1.2,2230,9,0.56,0,6,1,26.1,Travel advisor,190,1781,Restorative Adventurers
RW-01082,46,101000,West Coast,2,2820,1410,Camping,2,7,5,4,4,2,7,9,6,6,6,4,2,0.6,950,7,0.065,0,5,0,0.4,Marketplace/OTA,175,189,Budget Social Travelers
RW-01083,48,59000,Midwest,2,2440,1220,Camping,4,7,4,5,3,4,7,7,5,10,3,4,1,0.3,750,6,0.028,0,4,0,2.7,Travel advisor,174,72,Budget Social Travelers
RW-01084,39,93000,Midwest,2,4300,2150,Cultural immersion,2,6,8,7,5,6,5,5,4,6,5,7,7,0.9,1590,9,0.5,1,7,2,17.4,Email/CRM,45,859,Purposeful Explorers
RW-01085,42,82000,South,1,2200,2200,Hiking & trekking,5,6,4,5,3,3,3,6,7,6,5,2,4,0.8,1560,5,0.019,0,3,0,10.0,Paid social,296,394,Budget Social Travelers
RW-01086,22,58000,West Coast,3,2700,900,Camping,6,6,4,4,3,2,8,6,9,8,7,8,2,0.3,740,4,0.014,0,6,0,0.0,Marketplace/OTA,271,70,Budget Social Travelers
RW-01087,45,56000,South,4,8120,2030,Cultural immersion,8,5,10,10,3,3,5,6,8,7,6,9,7,1.4,1620,7,0.239,0,8,1,15.3,Paid social,339,923,Purposeful Explorers
RW-01088,25,94000,West Coast,6,16260,2710,Hiking & trekking,8,5,8,8,3,4,5,3,4,6,7,8,5,1.1,2500,8,0.281,1,8,0,15.7,Organic search,105,1183,Purposeful Explorers
RW-01089,35,107000,Northeast,3,2820,940,Backpacking,8,3,6,8,2,9,4,4,4,3,3,8,2,0.9,700,9,0.314,0,6,1,3.6,Organic search,86,284,Adventure Purists
RW-01090,21,135000,West Coast,5,13400,2680,Camping,10,2,6,5,6,7,3,5,7,4,3,4,3,0.7,1870,4,0.01,0,4,0,4.9,Paid social,310,410,Adventure Purists
RW-01091,38,192000,West Coast,4,14000,3500,Hiking & trekking,8,7,9,8,10,6,5,3,6,8,8,6,7,1.4,3250,10,0.641,1,2,0,26.3,Paid social,533,3504,Restorative Adventurers
RW-01092,28,51000,Northeast,3,2580,860,Camping,6,7,4,4,6,3,10,9,9,7,3,9,3,1.0,700,9,0.382,0,9,1,1.9,Marketplace/OTA,354,348,Budget Social Travelers
RW-01093,37,172000,West Coast,4,19320,4830,Wellness retreat,8,7,6,4,7,7,6,3,6,8,10,9,7,1.5,4840,10,0.719,1,7,0,28.0,Organic search,99,6471,Restorative Adventurers
RW-01094,47,193000,West Coast,4,18920,4730,Hiking & trekking,9,10,8,10,6,5,3,4,6,8,8,6,4,1.5,4320,8,0.204,0,6,0,25.6,Marketplace/OTA,237,2523,Restorative Adventurers
RW-01095,25,61000,South,5,6500,1300,National parks,7,2,4,6,4,3,7,9,9,8,6,8,5,0.8,1100,10,0.613,0,9,1,5.4,Paid social,335,644,Adventure Purists
RW-01096,50,89000,Midwest,2,3540,1770,Backpacking,9,2,6,6,3,5,2,6,1,3,3,5,6,0.6,1410,6,0.074,0,2,1,0.0,Referral,73,283,Adventure Purists
RW-01097,27,110000,Mountain West,6,24060,4010,Wellness retreat,7,10,9,6,9,5,4,6,10,9,8,6,6,0.8,3590,10,0.599,0,7,1,21.5,Referral,60,2048,Restorative Adventurers
RW-01098,44,107000,Midwest,6,21360,3560,International adventure,7,7,8,10,5,4,7,4,3,5,5,10,5,0.9,2810,9,0.5,1,8,1,12.7,Creator partnership,310,1519,Purposeful Explorers
RW-01099,47,37000,Mountain West,2,2200,1100,National parks,9,5,8,8,4,5,4,8,5,7,7,9,6,0.9,910,9,0.515,0,5,0,14.1,Organic search,117,505,Purposeful Explorers
RW-01100,40,159000,South,5,28500,5700,Cultural immersion,5,5,6,10,8,3,6,4,8,7,5,2,3,0.5,4220,7,0.062,0,5,0,16.2,Paid search,327,697,Experience Collectors
RW-01101,45,195000,West Coast,6,30360,5060,Cultural immersion,5,6,5,8,6,4,6,4,9,8,6,6,6,1.1,5000,9,0.426,0,8,0,3.9,Organic search,119,2927,Experience Collectors
RW-01102,54,293000,West Coast,4,16560,4140,Surf,7,8,7,7,6,5,3,2,6,9,9,9,6,1.1,2970,9,0.515,1,6,1,24.2,Paid search,362,2013,Restorative Adventurers
RW-01103,44,155000,Northeast,2,4420,2210,National parks,4,3,10,8,2,5,7,4,3,4,7,8,9,1.5,1800,9,0.618,1,6,0,15.3,Referral,43,1993,Purposeful Explorers
RW-01104,37,102000,West Coast,3,3870,1290,Hiking & trekking,7,8,7,10,5,3,6,6,3,8,6,9,5,1.3,1000,8,0.306,1,7,3,26.0,Organic search,73,579,Purposeful Explorers
RW-01105,23,179000,South,4,15800,3950,Cultural immersion,6,6,4,10,6,4,4,4,6,8,4,4,4,1.0,3120,8,0.168,0,4,0,13.8,Paid social,409,1162,Experience Collectors
RW-01106,43,73000,South,2,3020,1510,Cultural immersion,6,8,8,7,6,6,4,5,4,6,5,8,6,1.2,1040,7,0.188,0,6,1,20.3,Referral,53,477,Purposeful Explorers
RW-01107,46,268000,Northeast,3,20190,6730,Cultural immersion,5,6,3,9,7,4,4,4,8,5,6,3,6,1.2,4850,9,0.341,0,6,0,10.0,Paid social,275,2724,Experience Collectors
RW-01108,32,104000,West Coast,5,10250,2050,Surf,10,3,7,7,6,6,5,5,3,1,4,5,3,0.8,1500,5,0.023,0,1,0,0.0,Paid search,255,381,Adventure Purists
RW-01109,44,69000,Midwest,2,2600,1300,National parks,3,4,4,5,5,3,4,7,8,7,5,3,2,1.1,1010,8,0.111,1,7,0,10.4,Paid search,281,387,Budget Social Travelers
RW-01110,61,114000,South,1,3150,3150,Cultural immersion,4,3,4,9,8,7,4,3,8,7,5,4,2,0.9,2360,10,0.364,1,7,1,30.8,Referral,70,1028,Experience Collectors
RW-01111,40,93000,South,11,25960,2360,Outdoor photography,5,3,3,9,6,4,4,3,7,5,7,4,5,1.8,1790,8,0.195,1,5,0,14.5,Creator partnership,335,1240,Experience Collectors
RW-01112,29,142000,Mountain West,3,3780,1260,Camping,10,2,7,6,2,5,2,6,3,2,1,4,2,1.0,900,6,0.034,0,2,1,6.0,Organic search,93,289,Adventure Purists
RW-01113,27,99000,Midwest,2,1960,980,Hiking & trekking,7,5,5,7,4,1,8,8,9,5,9,8,3,1.2,820,10,0.525,1,7,1,10.3,Referral,60,617,Budget Social Travelers
RW-01114,37,149000,Mountain West,1,5450,5450,Camping,2,6,5,3,6,3,4,9,4,6,4,3,2,0.3,3850,9,0.201,0,5,2,0.2,Marketplace/OTA,313,448,Budget Social Travelers
RW-01115,38,89000,Midwest,3,4980,1660,National parks,5,8,6,4,2,4,5,7,6,8,2,2,4,0.8,1230,8,0.137,0,5,2,0.0,Organic search,117,353,Budget Social Travelers
RW-01116,46,105000,South,5,7650,1530,Cultural immersion,6,4,3,9,7,6,4,3,6,6,7,6,7,1.2,1370,7,0.179,0,3,0,10.0,Creator partnership,168,621,Experience Collectors
RW-01117,53,179000,Northeast,6,26460,4410,Cultural immersion,6,4,4,7,7,4,4,4,9,7,7,4,4,1.2,3030,9,0.289,0,5,1,4.5,Paid search,484,1582,Experience Collectors
RW-01118,51,77000,Mountain West,1,1770,1770,Outdoor photography,7,8,8,8,5,6,5,3,4,6,6,8,7,0.7,1540,6,0.121,0,6,0,11.6,Paid social,387,380,Purposeful Explorers
RW-01119,42,207000,West Coast,4,14040,3510,Hiking & trekking,4,8,7,8,4,2,5,2,5,10,9,7,5,0.9,3060,8,0.257,0,6,2,18.3,Organic search,73,1148,Restorative Adventurers
RW-01120,37,134000,Mountain West,6,18000,3000,Cultural immersion,5,4,9,9,3,5,6,5,7,4,9,10,5,1.2,2350,8,0.332,0,8,0,7.0,Referral,53,1303,Purposeful Explorers
RW-01121,30,39000,Midwest,4,4000,1000,Surf,4,7,2,6,2,3,9,9,10,7,6,5,4,0.6,740,6,0.053,0,6,0,0.2,Referral,58,145,Budget Social Travelers
RW-01122,43,170000,Mountain West,8,24240,3030,International adventure,6,3,4,9,4,5,5,3,6,2,5,4,3,1.2,2040,8,0.144,0,5,0,21.4,Paid social,363,887,Experience Collectors
RW-01123,38,139000,West Coast,3,5910,1970,Hiking & trekking,7,6,8,9,2,5,6,2,7,4,5,7,7,1.0,1550,7,0.198,0,6,0,14.0,Referral,52,599,Purposeful Explorers
RW-01124,39,150000,South,4,18920,4730,International adventure,7,4,6,10,7,4,6,4,7,10,7,5,2,1.5,3670,10,0.392,1,5,4,10.7,Organic search,76,2780,Experience Collectors
RW-01125,47,91000,Midwest,2,5800,2900,Backpacking,10,2,6,5,5,8,3,7,5,2,3,6,5,0.7,1920,8,0.235,0,8,0,3.9,Organic search,61,544,Adventure Purists
RW-01126,25,108000,Midwest,4,5880,1470,Hiking & trekking,5,5,6,4,5,4,10,7,9,9,6,9,6,0.5,1100,8,0.345,1,7,1,5.0,Marketplace/OTA,443,259,Budget Social Travelers
RW-01127,44,66000,Midwest,3,4230,1410,Backpacking,9,4,4,5,3,5,2,10,5,2,5,5,3,0.3,1250,9,0.277,0,8,0,0.0,Email/CRM,48,160,Adventure Purists
RW-01128,30,102000,West Coast,2,3680,1840,International adventure,5,7,5,6,3,2,8,9,10,8,6,4,7,1.2,1380,7,0.147,0,6,0,0.0,Paid social,316,602,Budget Social Travelers
RW-01129,32,85000,Northeast,1,1880,1880,Surf,5,6,3,5,5,2,10,6,8,9,4,9,4,0.8,1260,5,0.043,0,8,0,0.0,Referral,74,327,Budget Social Travelers
RW-01130,35,73000,South,1,1610,1610,National parks,5,4,1,4,5,4,4,8,5,7,3,4,2,0.5,1180,8,0.123,0,5,2,1.8,Paid search,242,209,Budget Social Travelers
RW-01131,64,138000,Midwest,3,7050,2350,Camping,4,5,4,5,5,1,8,5,6,10,6,5,2,0.6,2100,6,0.038,0,3,0,0.0,Organic search,62,406,Budget Social Travelers
RW-01132,37,118000,West Coast,3,3810,1270,Backpacking,10,3,5,5,4,8,4,8,2,5,3,4,6,0.5,900,4,0.017,0,4,0,4.3,Paid search,248,142,Adventure Purists
RW-01133,24,101000,Midwest,1,2120,2120,Wellness retreat,4,4,6,8,7,2,3,6,8,7,6,6,5,1.3,1820,8,0.235,0,6,1,6.5,Organic search,68,958,Budget Social Travelers
RW-01134,29,75000,West Coast,1,1640,1640,Hiking & trekking,8,7,7,5,2,3,8,7,9,6,5,8,4,1.2,1120,7,0.139,0,9,1,5.6,Paid search,333,484,Budget Social Travelers
RW-01135,43,70000,West Coast,1,890,890,National parks,3,6,7,3,5,2,6,10,8,8,5,3,3,0.5,730,6,0.036,0,5,0,0.8,Paid search,259,117,Budget Social Travelers
RW-01136,46,150000,South,1,3340,3340,International adventure,5,9,7,6,6,6,7,3,4,10,10,7,6,1.4,2700,10,0.627,0,7,0,28.6,Organic search,88,2838,Restorative Adventurers
RW-01137,42,150000,West Coast,6,6660,1110,Backpacking,9,1,7,6,1,7,1,3,4,4,4,6,4,0.8,930,6,0.06,1,5,0,7.3,Paid search,227,245,Adventure Purists
RW-01138,25,143000,Northeast,4,8520,2130,Backpacking,8,5,6,5,3,6,3,4,8,1,6,3,4,1.1,1590,4,0.011,0,2,1,1.2,Organic search,64,548,Adventure Purists
RW-01139,50,185000,Northeast,5,19000,3800,International adventure,6,4,4,8,7,6,3,2,8,6,6,5,3,1.3,3440,9,0.277,1,9,1,16.4,Travel advisor,227,1914,Experience Collectors
RW-01140,33,79000,South,1,1530,1530,Hiking & trekking,7,6,5,5,5,1,10,7,9,8,3,9,2,0.9,1230,6,0.06,0,4,0,0.0,Paid social,412,365,Budget Social Travelers
RW-01141,47,122000,West Coast,3,5970,1990,Wellness retreat,6,7,7,8,5,5,4,6,5,10,9,5,7,1.1,1970,9,0.44,0,5,1,21.0,Organic search,92,1180,Restorative Adventurers
RW-01142,59,85000,Northeast,6,11100,1850,Cultural immersion,7,4,9,8,3,4,6,4,1,6,8,7,4,0.8,1510,8,0.224,0,5,2,8.3,Paid search,237,483,Purposeful Explorers
RW-01143,41,68000,West Coast,6,12780,2130,National parks,5,6,8,8,4,4,5,4,6,9,4,8,6,0.9,1740,5,0.054,0,4,1,12.1,Referral,65,513,Purposeful Explorers
RW-01144,28,109000,Midwest,4,8480,2120,Cultural immersion,6,6,10,9,6,4,7,2,4,6,5,8,6,1.3,1600,6,0.103,0,4,0,10.6,Organic search,100,719,Purposeful Explorers
RW-01145,34,119000,Mountain West,5,8950,1790,Backpacking,8,4,5,6,1,8,1,6,3,2,4,4,6,0.3,1250,6,0.067,0,3,0,0.0,Organic search,63,125,Adventure Purists
RW-01146,35,233000,West Coast,3,11790,3930,National parks,5,9,9,8,4,4,6,2,5,9,9,6,5,1.2,3830,8,0.235,1,8,0,33.1,Organic search,65,1861,Restorative Adventurers
RW-01147,21,114000,Midwest,7,7210,1030,National parks,6,8,3,7,1,3,7,7,7,6,7,8,4,1.6,910,8,0.246,1,7,0,11.8,Referral,47,598,Budget Social Travelers
RW-01148,47,116000,South,1,1280,1280,International adventure,4,4,9,8,3,6,5,6,3,6,5,10,6,1.5,900,9,0.545,1,7,1,11.2,Referral,44,875,Purposeful Explorers
RW-01149,47,45000,South,2,2060,1030,Backpacking,8,1,5,4,3,8,3,8,2,4,1,5,2,0.9,800,7,0.073,0,5,1,4.1,Paid search,253,241,Adventure Purists
RW-01150,42,126000,Midwest,3,5610,1870,Hiking & trekking,6,7,10,9,3,5,9,5,4,7,7,6,5,0.7,1700,6,0.07,0,5,0,12.1,Referral,53,397,Purposeful Explorers
RW-01151,43,98000,Northeast,4,18160,4540,Cultural immersion,7,4,5,8,9,4,2,3,6,9,5,6,4,1.4,4040,8,0.204,0,4,0,17.5,Creator partnership,129,2203,Experience Collectors
RW-01152,31,88000,Mountain West,3,6540,2180,Cultural immersion,8,6,9,9,5,5,4,4,4,9,6,8,7,0.8,1600,8,0.359,0,7,1,15.7,Organic search,53,615,Purposeful Explorers
RW-01153,35,210000,Northeast,6,19440,3240,International adventure,3,6,2,8,5,6,6,1,6,6,5,5,2,0.5,2660,7,0.073,0,5,0,19.0,Travel advisor,216,445,Experience Collectors
RW-01154,45,362000,South,6,36960,6160,International adventure,6,5,4,10,6,3,5,5,7,7,8,4,6,0.5,5190,7,0.126,1,8,1,12.1,Travel advisor,225,920,Experience Collectors
RW-01155,29,78000,Mountain West,5,7200,1440,Backpacking,9,3,7,5,1,9,4,5,4,2,2,6,6,0.9,960,9,0.426,0,7,0,13.7,Referral,87,460,Adventure Purists
RW-01156,39,163000,Midwest,4,12200,3050,International adventure,5,8,6,7,3,4,5,4,9,6,6,6,5,1.1,2650,8,0.235,0,7,0,13.8,Paid search,218,1180,Purposeful Explorers
RW-01157,39,175000,West Coast,4,16880,4220,Hiking & trekking,5,5,6,8,6,3,2,4,10,9,6,4,4,1.0,2990,9,0.289,0,6,0,14.2,Creator partnership,253,1301,Experience Collectors
RW-01158,49,124000,West Coast,6,26760,4460,Cultural immersion,4,4,4,6,6,6,7,2,5,6,6,4,2,1.3,2910,10,0.364,1,6,0,16.4,Creator partnership,199,1831,Experience Collectors
RW-01159,26,79000,West Coast,9,14670,1630,Hiking & trekking,10,2,6,7,2,6,4,5,3,4,3,5,3,0.6,1000,4,0.011,0,4,0,6.4,Marketplace/OTA,255,188,Adventure Purists
RW-01160,27,101000,Northeast,2,4860,2430,International adventure,8,8,7,9,3,4,10,6,4,5,8,7,6,1.3,2100,7,0.171,0,5,1,12.0,Creator partnership,115,1020,Purposeful Explorers
RW-01161,32,81000,Northeast,6,25500,4250,Outdoor photography,5,5,6,7,6,5,4,4,9,7,9,6,6,1.1,3880,8,0.269,0,7,1,15.3,Marketplace/OTA,256,1807,Experience Collectors
RW-01162,25,41000,Midwest,4,3440,860,National parks,8,5,7,4,5,5,10,6,9,8,3,9,4,1.2,700,5,0.043,0,6,1,8.3,Paid social,394,272,Adventure Purists
RW-01163,40,106000,Mountain West,3,7170,2390,Hiking & trekking,7,6,9,10,6,2,4,3,1,8,6,10,8,1.0,2170,7,0.297,0,8,1,10.2,Organic search,96,955,Purposeful Explorers
RW-01164,53,120000,Northeast,4,17520,4380,Wellness retreat,8,5,3,6,9,5,5,4,6,8,8,6,3,1.3,3340,7,0.096,0,8,0,19.4,Organic search,78,1489,Experience Collectors
RW-01165,31,102000,Northeast,2,6160,3080,Hiking & trekking,4,5,3,9,8,6,6,3,10,7,5,4,2,0.7,2390,7,0.065,0,5,0,13.9,Creator partnership,229,555,Experience Collectors
RW-01166,37,143000,Midwest,3,8640,2880,Hiking & trekking,8,2,9,8,4,7,8,3,6,5,6,9,7,1.3,2140,8,0.387,0,9,0,22.9,Organic search,92,1395,Purposeful Explorers
RW-01167,26,161000,Mountain West,2,7220,3610,Cultural immersion,8,3,8,10,5,2,7,6,7,5,6,9,4,1.0,2870,8,0.269,0,7,2,15.6,Organic search,89,1215,Purposeful Explorers
RW-01168,36,96000,Mountain West,8,13520,1690,Hiking & trekking,7,4,7,5,4,7,2,4,6,5,2,4,4,0.6,1070,8,0.168,0,7,0,9.5,Creator partnership,121,239,Adventure Purists
RW-01169,37,175000,Mountain West,1,3730,3730,Cultural immersion,5,9,10,8,4,6,5,7,4,6,9,10,5,1.3,3110,9,0.5,0,8,2,9.1,Organic search,126,2428,Purposeful Explorers
RW-01170,38,91000,West Coast,3,9360,3120,Cultural immersion,4,7,6,10,7,6,3,6,6,6,6,3,1,1.1,2540,6,0.025,0,3,0,6.3,Paid search,290,888,Experience Collectors
RW-01171,36,163000,Northeast,4,6080,1520,Backpacking,8,3,7,8,3,6,4,4,3,5,4,4,4,0.5,1250,5,0.024,0,6,0,0.0,Paid search,312,199,Adventure Purists
RW-01172,34,91000,Midwest,2,2480,1240,International adventure,6,3,7,5,4,1,8,6,6,9,6,8,5,1.0,1090,6,0.088,0,7,2,0.0,Paid social,359,370,Budget Social Travelers
RW-01173,34,116000,Northeast,5,19350,3870,International adventure,8,9,10,6,6,6,9,4,6,9,8,7,6,1.0,2970,9,0.455,1,7,0,28.3,Referral,56,1657,Restorative Adventurers
RW-01174,36,159000,Mountain West,4,11640,2910,International adventure,7,5,9,6,5,5,7,5,3,6,4,6,5,0.6,2230,6,0.07,0,6,0,8.7,Creator partnership,138,446,Purposeful Explorers
RW-01175,41,67000,South,2,3160,1580,Hiking & trekking,9,3,6,5,1,7,3,5,2,3,3,6,4,0.8,1250,5,0.03,0,3,0,1.5,Paid search,216,320,Adventure Purists
RW-01176,37,188000,Northeast,5,10150,2030,Hiking & trekking,8,6,8,8,4,5,5,5,6,7,5,10,6,1.3,1570,7,0.228,0,6,2,5.2,Referral,36,819,Purposeful Explorers
RW-01177,23,195000,Mountain West,7,15470,2210,Surf,10,3,7,5,1,6,5,5,4,5,5,5,3,1.2,1590,7,0.086,0,8,2,7.6,Organic search,104,647,Adventure Purists
RW-01178,33,340000,West Coast,3,15600,5200,International adventure,5,8,9,6,7,3,8,4,4,8,7,5,9,1.3,4280,10,0.694,1,5,1,19.0,Organic search,66,4731,Restorative Adventurers
RW-01179,39,136000,South,3,19050,6350,National parks,6,9,4,7,8,7,6,1,7,9,7,6,5,1.0,5380,10,0.555,1,6,0,32.7,Referral,75,3549,Restorative Adventurers
RW-01180,61,252000,Northeast,5,28950,5790,Cultural immersion,4,3,7,8,6,6,4,6,5,8,6,6,3,0.6,4770,10,0.465,1,5,2,10.3,Creator partnership,176,1622,Experience Collectors
RW-01181,43,145000,Midwest,6,10800,1800,National parks,4,6,9,7,4,5,6,4,4,3,5,7,6,0.4,1540,10,0.627,1,6,2,5.6,Paid social,249,462,Purposeful Explorers
RW-01182,54,158000,Northeast,5,16900,3380,Hiking & trekking,8,6,6,6,8,3,5,2,6,10,6,5,2,1.2,2980,7,0.073,0,5,0,18.9,Email/CRM,41,1196,Experience Collectors
RW-01183,45,164000,Northeast,7,29050,4150,National parks,5,5,5,10,7,4,9,2,7,7,5,4,3,0.4,3510,9,0.254,0,4,0,3.7,Email/CRM,39,582,Experience Collectors
RW-01184,36,131000,Northeast,6,20760,3460,International adventure,5,2,2,7,6,3,5,2,8,7,7,4,5,1.2,2920,8,0.195,0,5,1,3.7,Paid social,248,1348,Experience Collectors
RW-01185,39,137000,South,7,25340,3620,National parks,5,6,2,10,5,6,7,6,8,7,8,4,3,0.6,2940,8,0.144,1,5,1,16.7,Paid social,307,639,Experience Collectors
RW-01186,21,87000,West Coast,3,4650,1550,National parks,4,8,8,9,4,4,6,4,5,6,7,10,6,1.4,1200,8,0.373,0,9,0,21.1,Organic search,50,824,Purposeful Explorers
RW-01187,21,84000,West Coast,2,3440,1720,Camping,9,1,6,5,3,6,3,4,5,2,2,3,4,1.2,1140,8,0.152,0,2,0,0.0,Referral,54,500,Adventure Purists
RW-01188,22,93000,Midwest,2,4200,2100,Hiking & trekking,3,7,5,3,4,3,7,8,7,7,4,1,3,0.5,1420,5,0.014,0,2,0,0.0,Marketplace/OTA,258,223,Budget Social Travelers
RW-01189,45,197000,Northeast,5,16750,3350,Cultural immersion,4,6,5,8,6,5,6,5,7,8,4,4,4,1.0,2560,7,0.091,0,7,0,21.1,Creator partnership,243,873,Experience Collectors
RW-01190,24,57000,Mountain West,5,11250,2250,Surf,4,4,4,7,5,4,7,8,8,6,6,8,3,1.2,1860,7,0.119,0,5,0,0.0,Creator partnership,156,786,Budget Social Travelers
RW-01191,43,74000,Mountain West,4,4920,1230,Camping,9,5,6,5,5,6,1,7,2,6,3,3,3,0.4,960,7,0.069,0,3,0,3.6,Marketplace/OTA,280,128,Adventure Purists
RW-01192,25,125000,Northeast,7,7210,1030,Backpacking,7,4,3,2,1,7,4,7,4,3,4,7,7,0.7,880,5,0.057,0,5,0,5.4,Paid social,445,203,Adventure Purists
RW-01193,27,172000,Northeast,6,12660,2110,International adventure,4,3,10,8,5,6,5,5,3,5,4,9,10,1.1,1810,9,0.686,1,8,1,19.6,Paid social,283,1666,Purposeful Explorers
RW-01194,50,98000,South,2,2140,1070,Hiking & trekking,3,5,5,2,4,4,5,8,5,6,3,4,2,0.3,860,7,0.065,0,3,0,15.4,Marketplace/OTA,344,86,Budget Social Travelers
RW-01195,33,68000,Mountain West,1,2120,2120,Outdoor photography,4,8,10,8,5,3,5,8,5,5,9,9,5,1.3,2160,7,0.179,0,8,0,8.1,Creator partnership,243,1061,Purposeful Explorers
RW-01196,44,144000,South,2,5200,2600,Hiking & trekking,5,3,4,7,8,3,5,3,5,6,4,3,3,1.4,1850,6,0.036,0,3,0,6.0,Creator partnership,242,833,Experience Collectors
RW-01197,47,286000,West Coast,4,14480,3620,Surf,6,9,7,6,7,6,7,3,3,7,6,6,7,1.7,3180,9,0.47,0,5,0,8.2,Paid social,263,3090,Restorative Adventurers
RW-01198,23,94000,Northeast,4,5160,1290,Hiking & trekking,8,6,4,6,3,4,8,9,8,4,4,8,4,0.8,940,9,0.397,0,4,0,0.0,Paid social,313,383,Budget Social Travelers
RW-01199,36,156000,Mountain West,3,9690,3230,National parks,9,9,7,8,7,5,4,4,3,6,10,7,5,1.6,2400,9,0.411,0,8,1,34.4,Paid social,355,1997,Restorative Adventurers
RW-01200,28,59000,Mountain West,3,3690,1230,Camping,6,6,4,7,3,1,10,7,8,9,4,10,4,0.3,810,10,0.627,0,10,1,0.0,Paid social,586,182,Budget Social Travelers
RW-01201,29,90000,Northeast,3,6240,2080,Surf,3,5,2,8,3,4,7,7,8,7,5,8,6,1.0,1680,8,0.319,0,9,0,0.0,Organic search,77,762,Budget Social Travelers
RW-01202,26,44000,Mountain West,2,2400,1200,Surf,4,8,5,4,4,4,6,9,9,7,4,6,6,1.6,1080,6,0.083,0,4,0,0.0,Referral,55,584,Budget Social Travelers
RW-01203,51,224000,West Coast,3,12750,4250,National parks,5,8,9,9,1,5,6,5,3,4,6,10,8,1.2,3500,9,0.632,1,8,2,22.2,Marketplace/OTA,323,3180,Purposeful Explorers
RW-01204,40,42000,South,1,940,940,International adventure,7,5,6,6,5,1,9,8,6,7,5,7,5,0.3,730,7,0.147,1,6,0,2.2,Referral,67,80,Budget Social Travelers
RW-01205,43,172000,Northeast,3,17490,5830,International adventure,9,4,3,8,10,4,3,4,8,6,5,4,4,1.2,4460,6,0.047,0,5,0,13.4,Email/CRM,38,1742,Experience Collectors
RW-01206,44,136000,Northeast,3,16050,5350,Outdoor photography,7,2,5,9,7,2,6,2,7,4,5,4,6,0.5,5290,10,0.54,1,4,1,12.0,Paid search,338,1700,Experience Collectors
RW-01207,31,69000,Northeast,1,1610,1610,National parks,4,6,6,5,4,2,6,9,10,4,4,8,5,1.1,1340,9,0.44,1,10,0,7.2,Marketplace/OTA,262,803,Budget Social Travelers
RW-01208,30,128000,South,3,6060,2020,Backpacking,8,2,5,6,6,7,3,4,4,4,4,3,4,0.3,1520,7,0.082,0,5,0,4.6,Organic search,99,154,Adventure Purists
RW-01209,46,274000,Midwest,3,13380,4460,Wellness retreat,6,7,8,7,5,5,3,2,5,10,6,9,6,1.5,2770,6,0.115,0,5,0,16.4,Organic search,60,1456,Purposeful Explorers
RW-01210,21,117000,Midwest,3,6390,2130,Surf,9,3,5,8,3,8,3,6,3,2,4,5,6,0.8,1700,6,0.074,0,4,0,5.1,Marketplace/OTA,220,456,Adventure Purists
RW-01211,62,77000,Midwest,1,2170,2170,Cultural immersion,5,6,10,10,4,4,5,7,4,5,7,10,6,0.5,1650,4,0.035,0,5,0,16.1,Referral,78,265,Purposeful Explorers
RW-01212,38,139000,South,3,6990,2330,Cultural immersion,8,7,8,8,3,4,5,4,5,5,7,8,3,1.6,1920,10,0.525,1,6,1,16.0,Organic search,93,1925,Purposeful Explorers
RW-01213,24,114000,South,1,1310,1310,Surf,8,6,5,4,3,3,10,6,9,7,4,9,3,0.4,970,6,0.07,0,6,0,0.9,Paid search,295,129,Budget Social Travelers
RW-01214,22,130000,West Coast,2,8160,4080,Hiking & trekking,8,9,5,6,8,4,6,2,5,7,10,6,7,1.3,3670,10,0.641,1,7,1,27.4,Email/CRM,30,3674,Restorative Adventurers
RW-01215,38,166000,West Coast,5,12700,2540,Surf,7,10,5,7,9,7,6,2,3,9,7,6,5,0.7,1550,10,0.555,0,6,0,27.0,Travel advisor,179,716,Restorative Adventurers
RW-01216,44,74000,Midwest,9,15030,1670,Surf,10,5,6,6,1,7,4,4,3,3,1,6,6,1.0,1250,8,0.269,0,5,1,5.1,Paid social,251,529,Adventure Purists
RW-01217,50,213000,Northeast,4,20520,5130,Surf,8,9,9,4,7,6,7,3,4,7,10,10,8,1.2,4680,10,0.776,0,10,0,30.3,Paid social,307,5580,Restorative Adventurers
RW-01218,21,85000,Midwest,2,3540,1770,International adventure,6,3,6,4,7,4,10,6,7,6,6,6,5,0.9,1560,10,0.555,1,7,0,7.9,Paid social,295,926,Budget Social Travelers
RW-01219,31,85000,Mountain West,4,6520,1630,Surf,7,5,3,5,4,2,10,10,9,7,6,10,2,0.9,1290,8,0.224,1,9,1,0.0,Paid social,365,464,Budget Social Travelers
RW-01220,42,130000,Northeast,2,4660,2330,International adventure,4,3,5,8,6,4,2,5,9,5,9,3,3,0.9,2070,8,0.13,1,6,0,10.4,Travel advisor,188,664,Experience Collectors
RW-01221,31,92000,West Coast,4,14360,3590,International adventure,6,6,6,8,5,2,7,4,7,6,7,5,4,0.6,3110,10,0.48,0,5,0,14.6,Creator partnership,166,1084,Experience Collectors
RW-01222,40,204000,Midwest,7,31990,4570,Wellness retreat,8,9,6,6,7,6,5,3,4,10,6,6,9,1.1,3890,5,0.072,0,5,0,21.6,Referral,63,1429,Restorative Adventurers
RW-01223,38,167000,Midwest,3,9990,3330,Hiking & trekking,6,5,7,10,3,4,7,5,5,5,6,8,6,1.2,2640,7,0.188,1,6,0,19.2,Paid social,298,1210,Purposeful Explorers
RW-01224,23,95000,South,3,3630,1210,Hiking & trekking,5,8,7,5,3,3,8,9,10,7,4,8,3,1.2,700,7,0.119,0,5,1,6.5,Paid search,281,296,Budget Social Travelers
RW-01225,39,77000,West Coast,2,9480,4740,National parks,4,4,5,8,8,5,5,4,5,6,7,6,2,0.5,3640,10,0.421,1,6,0,5.0,Paid social,310,961,Experience Collectors
RW-01226,21,122000,Mountain West,3,5730,1910,Outdoor photography,4,4,9,8,4,5,6,4,6,4,6,8,8,1.4,1810,6,0.142,0,7,2,18.5,Organic search,75,915,Purposeful Explorers
RW-01227,38,112000,Mountain West,3,5100,1700,International adventure,9,3,6,6,1,6,1,8,4,4,4,5,5,1.3,1570,9,0.354,0,9,0,0.0,Marketplace/OTA,192,974,Adventure Purists
RW-01228,38,68000,Midwest,6,7620,1270,Backpacking,8,5,6,5,4,7,3,8,4,1,3,3,4,0.3,820,9,0.265,0,4,0,0.0,Organic search,163,104,Adventure Purists
RW-01229,38,87000,Midwest,2,4180,2090,National parks,4,6,2,6,6,4,7,8,4,7,6,4,1,0.3,1530,9,0.192,0,3,1,3.4,Paid social,483,176,Budget Social Travelers
RW-01230,52,133000,Northeast,3,13080,4360,National parks,3,3,7,7,5,5,1,4,7,9,6,5,6,1.1,3870,7,0.139,0,8,0,6.2,Paid social,480,1533,Experience Collectors
RW-01231,34,235000,Mountain West,3,6750,2250,National parks,7,8,5,7,5,6,6,3,5,10,8,7,8,1.5,2160,9,0.545,0,6,1,10.7,Referral,66,2101,Restorative Adventurers
RW-01232,42,63000,South,2,2820,1410,Surf,7,4,4,5,5,2,10,6,8,2,2,8,6,1.0,930,5,0.054,0,5,0,0.5,Paid search,464,305,Budget Social Travelers
RW-01233,32,148000,South,2,7840,3920,Hiking & trekking,7,5,5,9,8,7,4,3,10,7,6,4,3,1.3,3390,8,0.144,0,8,1,11.8,Creator partnership,219,1596,Experience Collectors
RW-01234,32,88000,Midwest,3,6690,2230,Hiking & trekking,6,6,4,5,4,3,10,8,7,7,6,6,4,1.4,1820,9,0.341,0,5,2,5.3,Email/CRM,40,1193,Budget Social Travelers
RW-01235,36,141000,Northeast,5,18950,3790,Wellness retreat,5,10,6,8,8,5,6,3,4,9,10,6,8,1.6,3180,9,0.515,0,7,1,21.6,Referral,39,3134,Restorative Adventurers
RW-01236,42,96000,Northeast,1,2900,2900,Wellness retreat,7,4,5,6,8,6,5,4,7,5,4,5,5,1.3,2370,8,0.214,0,6,0,11.9,Paid social,308,1215,Budget Social Travelers
RW-01237,37,143000,West Coast,2,8900,4450,Cultural immersion,7,4,6,8,8,4,4,4,7,5,7,4,4,1.3,3760,6,0.047,0,9,0,6.0,Travel advisor,353,1591,Experience Collectors
RW-01238,38,74000,West Coast,6,6720,1120,Hiking & trekking,9,7,6,7,3,6,4,6,3,1,5,3,4,0.4,810,7,0.082,0,2,1,2.7,Referral,48,109,Adventure Purists
RW-01239,45,148000,Northeast,8,36080,4510,Outdoor photography,5,6,4,9,7,6,6,5,6,8,7,2,5,1.1,4120,8,0.16,0,3,0,16.7,Referral,56,1672,Experience Collectors
RW-01240,41,73000,West Coast,5,17650,3530,Outdoor photography,5,3,9,9,8,3,3,7,10,8,8,5,5,1.0,3390,9,0.354,1,9,0,7.9,Organic search,149,1619,Experience Collectors
RW-01241,47,54000,South,4,10680,2670,Outdoor photography,6,7,8,6,6,6,4,6,4,6,6,8,7,0.8,2120,6,0.121,1,7,0,14.1,Referral,67,598,Purposeful Explorers
RW-01242,21,170000,West Coast,3,10440,3480,Hiking & trekking,7,8,8,7,9,3,5,5,5,10,10,6,5,1.5,3170,10,0.555,1,8,0,20.7,Creator partnership,201,3137,Restorative Adventurers
RW-01243,33,246000,Northeast,4,16040,4010,Hiking & trekking,7,7,6,9,7,7,5,1,5,8,8,7,6,1.8,3640,8,0.293,1,6,1,12.9,Marketplace/OTA,249,2867,Restorative Adventurers
RW-01244,57,108000,South,5,17950,3590,Wellness retreat,7,3,6,9,7,3,3,4,5,7,6,4,3,0.7,2970,7,0.077,0,3,1,10.3,Paid search,251,698,Experience Collectors
RW-01245,49,132000,West Coast,3,7200,2400,International adventure,7,10,8,8,6,6,4,1,6,10,6,8,7,1.2,1700,8,0.359,0,5,0,25.5,Paid social,377,981,Restorative Adventurers
RW-01246,36,198000,Northeast,6,27180,4530,Wellness retreat,6,6,6,6,6,5,6,5,7,9,7,7,8,1.2,4100,10,0.707,1,8,0,15.5,Referral,56,4285,Experience Collectors
RW-01247,32,60000,West Coast,2,2100,1050,Surf,6,3,4,9,4,4,8,7,10,7,4,9,4,1.3,880,6,0.083,0,7,0,5.1,Paid search,270,387,Budget Social Travelers
RW-01248,49,165000,South,8,24640,3080,Cultural immersion,6,5,6,8,6,5,4,5,6,6,6,8,5,0.9,2450,7,0.162,0,6,1,13.7,Marketplace/OTA,233,816,Experience Collectors
RW-01249,42,78000,Northeast,1,2550,2550,National parks,6,6,6,6,3,5,4,6,5,5,7,9,7,1.2,2410,8,0.387,0,8,0,11.8,Email/CRM,27,1450,Purposeful Explorers
RW-01250,47,75000,Northeast,3,3750,1250,National parks,1,8,5,6,5,5,3,10,9,8,3,4,3,1.0,960,6,0.04,0,3,0,0.0,Referral,86,310,Budget Social Travelers
RW-01251,32,164000,Northeast,5,27900,5580,Cultural immersion,5,6,6,10,10,1,5,3,9,8,6,6,3,0.6,4890,7,0.096,0,5,0,12.8,Creator partnership,201,1006,Experience Collectors
RW-01252,50,100000,Northeast,3,12570,4190,Cultural immersion,3,6,8,10,7,4,4,4,5,5,7,5,5,0.8,3140,10,0.525,0,7,3,17.8,Travel advisor,226,1574,Experience Collectors
RW-01253,37,153000,Mountain West,4,18840,4710,International adventure,6,4,6,9,8,3,6,4,9,7,4,4,3,1.1,3300,5,0.02,0,5,2,7.2,Travel advisor,196,1149,Experience Collectors
RW-01254,30,65000,South,7,13020,1860,Camping,4,4,4,3,4,3,10,8,9,7,8,7,4,0.8,1560,8,0.224,0,6,2,11.8,Paid search,369,499,Budget Social Travelers
RW-01255,39,201000,Northeast,5,20850,4170,Cultural immersion,7,6,3,10,4,5,3,4,8,10,7,4,4,1.1,3430,9,0.289,0,6,2,4.4,Referral,115,1642,Experience Collectors
RW-01256,41,118000,Northeast,2,5600,2800,Outdoor photography,5,6,8,8,7,6,3,4,6,4,5,10,6,0.6,2210,8,0.373,0,8,0,14.2,Referral,27,651,Purposeful Explorers
RW-01257,26,129000,West Coast,2,7880,3940,Hiking & trekking,5,7,7,9,2,6,7,4,8,5,5,9,6,1.2,3090,8,0.345,0,10,2,5.2,Marketplace/OTA,331,1747,Purposeful Explorers
RW-01258,58,99000,West Coast,2,6740,3370,Hiking & trekking,8,5,8,8,6,5,7,6,2,5,7,8,7,0.8,2690,6,0.121,0,3,0,8.4,Organic search,90,759,Purposeful Explorers
RW-01259,21,92000,Mountain West,5,8350,1670,Backpacking,10,3,5,5,5,8,4,5,5,3,5,7,5,0.9,1230,9,0.411,1,9,0,11.8,Organic search,114,576,Adventure Purists
RW-01260,44,102000,Mountain West,3,3360,1120,Camping,2,4,6,2,2,2,6,9,8,7,4,3,5,0.3,800,7,0.096,0,2,0,6.0,Marketplace/OTA,394,82,Budget Social Travelers
RW-01261,47,186000,South,8,63680,7960,International adventure,4,3,7,9,9,3,5,2,8,7,6,3,3,2.2,5250,7,0.069,0,6,1,12.5,Marketplace/OTA,325,3846,Experience Collectors
RW-01262,26,73000,Mountain West,6,7440,1240,Camping,10,2,7,5,1,7,2,5,3,4,4,3,4,0.3,1020,5,0.021,0,4,0,10.1,Creator partnership,184,97,Adventure Purists
RW-01263,37,154000,West Coast,2,12080,6040,Wellness retreat,9,9,5,6,6,6,6,3,5,7,10,8,9,1.8,5570,8,0.445,1,7,1,27.5,Referral,59,5504,Restorative Adventurers
RW-01264,63,64000,Midwest,1,2180,2180,Camping,6,4,5,5,4,4,7,8,2,7,5,2,4,0.6,1930,8,0.137,0,2,0,0.0,Paid search,247,416,Budget Social Travelers
RW-01265,36,68000,Northeast,1,1160,1160,International adventure,6,3,5,7,5,2,7,6,7,7,5,6,3,1.3,910,7,0.096,0,6,3,8.6,Creator partnership,148,406,Budget Social Travelers
RW-01266,53,108000,West Coast,5,11650,2330,Cultural immersion,4,8,10,10,4,6,4,5,5,6,6,7,6,2.9,1820,9,0.455,1,7,1,24.8,Paid social,489,2944,Purposeful Explorers
RW-01267,40,141000,South,5,18950,3790,Cultural immersion,6,7,5,8,9,5,5,3,8,5,5,2,4,0.6,3210,7,0.073,0,4,1,14.0,Referral,67,644,Experience Collectors
RW-01268,43,111000,Northeast,2,3300,1650,Hiking & trekking,4,6,4,4,5,6,7,4,7,6,2,5,2,0.6,1260,9,0.242,0,6,0,1.5,Marketplace/OTA,288,309,Budget Social Travelers
RW-01269,31,133000,South,4,9400,2350,Backpacking,9,2,9,3,3,7,5,5,5,1,4,4,2,0.9,1730,10,0.364,0,7,0,1.9,Marketplace/OTA,229,754,Adventure Purists
RW-01270,28,79000,South,1,1250,1250,Camping,8,1,6,4,3,7,2,6,4,2,5,5,2,1.0,1010,5,0.019,0,4,0,1.0,Paid search,287,319,Adventure Purists
RW-01271,56,71000,South,2,1700,850,Camping,6,7,5,6,3,4,6,10,4,10,3,4,4,0.6,700,4,0.012,0,4,1,3.5,Paid search,317,132,Budget Social Travelers
RW-01272,22,176000,Northeast,3,12480,4160,National parks,7,8,9,7,6,7,5,3,6,8,8,8,8,1.5,3320,8,0.401,0,5,1,22.1,Referral,50,2552,Restorative Adventurers
RW-01273,33,89000,West Coast,6,7560,1260,Surf,8,5,5,6,2,9,2,8,3,5,5,4,6,0.4,1000,4,0.017,0,1,0,0.0,Creator partnership,194,126,Adventure Purists
RW-01274,21,60000,Mountain West,2,4560,2280,Camping,3,6,4,5,6,3,8,9,9,7,5,7,1,0.8,1670,5,0.02,0,7,0,4.3,Creator partnership,321,423,Budget Social Travelers
RW-01275,52,125000,Northeast,10,56800,5680,Cultural immersion,6,3,5,6,7,5,2,3,7,7,3,3,2,1.1,3750,7,0.058,0,5,0,6.2,Referral,53,1358,Experience Collectors
RW-01276,28,170000,West Coast,3,6870,2290,National parks,6,8,8,6,8,7,6,3,6,8,8,7,8,1.3,1980,9,0.545,1,7,0,35.4,Paid search,439,1669,Restorative Adventurers
RW-01277,37,119000,Mountain West,3,9960,3320,Hiking & trekking,7,6,3,9,8,6,3,3,6,6,6,4,4,0.6,2540,9,0.289,1,7,0,5.3,Paid search,247,663,Experience Collectors
RW-01278,38,168000,West Coast,3,18840,6280,International adventure,7,4,6,9,8,5,5,6,7,5,8,1,4,1.0,5220,9,0.221,0,3,0,12.3,Paid search,368,2076,Experience Collectors
RW-01279,41,66000,South,4,7440,1860,National parks,4,6,10,10,4,8,7,6,2,5,3,9,5,1.3,1490,7,0.179,0,4,0,8.2,Referral,71,732,Purposeful Explorers
RW-01280,22,70000,West Coast,3,2610,870,International adventure,7,4,5,5,1,2,6,9,8,7,4,9,2,0.7,760,7,0.113,0,9,0,0.0,Referral,47,186,Budget Social Travelers
RW-01281,51,128000,Northeast,3,11760,3920,Wellness retreat,6,9,7,9,7,5,7,3,6,8,9,7,10,2.0,3380,10,0.776,0,6,1,22.1,Referral,44,6717,Restorative Adventurers
RW-01282,37,72000,Midwest,2,4660,2330,International adventure,9,3,5,6,2,8,3,7,4,1,4,5,1,0.8,1760,9,0.211,0,6,0,0.0,Paid social,403,553,Adventure Purists
RW-01283,44,132000,Midwest,6,15000,2500,Backpacking,9,4,6,6,2,7,4,7,3,5,7,2,4,0.4,2090,6,0.038,0,1,0,4.1,Paid search,349,269,Adventure Purists
RW-01284,35,66000,Northeast,1,1280,1280,Surf,6,7,4,3,6,1,9,6,9,7,5,8,4,0.5,1150,6,0.074,0,10,0,2.0,Organic search,115,193,Budget Social Travelers
RW-01285,55,120000,Northeast,2,4360,2180,Hiking & trekking,5,6,3,4,4,4,4,6,5,7,3,3,4,0.8,1540,6,0.042,0,4,0,5.0,Paid search,235,399,Budget Social Travelers
RW-01286,32,109000,Midwest,1,1200,1200,Hiking & trekking,3,7,3,5,5,4,7,7,5,6,5,2,2,0.5,1250,6,0.027,0,4,0,9.7,Marketplace/OTA,253,199,Budget Social Travelers
RW-01287,22,77000,Midwest,6,6660,1110,Camping,10,5,5,3,3,6,3,6,5,1,3,4,4,1.3,900,7,0.091,0,5,0,9.5,Organic search,73,399,Adventure Purists
RW-01288,46,152000,South,4,15240,3810,Wellness retreat,10,7,6,5,8,3,6,2,6,6,7,8,7,1.6,3400,10,0.694,1,6,5,27.0,Paid social,299,4626,Restorative Adventurers
RW-01289,35,137000,Mountain West,3,7860,2620,Camping,10,2,4,3,3,8,5,3,4,2,2,5,4,0.9,1670,6,0.053,0,5,0,19.2,Referral,42,492,Adventure Purists
RW-01290,38,57000,Mountain West,3,5610,1870,Surf,6,4,5,7,4,4,8,8,7,7,10,6,2,1.4,1560,7,0.082,0,6,0,0.0,Paid social,475,737,Budget Social Travelers
RW-01291,41,134000,Midwest,2,2520,1260,Camping,8,2,4,6,3,7,4,5,7,3,3,5,3,0.6,910,10,0.435,0,8,2,0.0,Organic search,63,295,Adventure Purists
RW-01292,22,69000,South,8,16160,2020,Hiking & trekking,2,5,3,3,4,5,8,9,9,7,4,7,3,0.8,1290,8,0.195,0,7,0,0.0,Organic search,75,397,Budget Social Travelers
RW-01293,21,76000,Mountain West,1,1880,1880,National parks,4,6,6,7,6,1,8,6,7,9,7,9,2,0.3,1270,9,0.341,0,7,1,5.3,Paid social,296,178,Budget Social Travelers
RW-01294,31,173000,South,6,17760,2960,Hiking & trekking,8,9,9,7,7,4,4,4,8,9,9,5,6,1.3,2490,10,0.57,1,7,0,21.5,Creator partnership,216,2191,Restorative Adventurers
RW-01295,36,160000,Midwest,1,3930,3930,International adventure,8,8,8,8,5,5,6,2,2,6,8,10,7,1.2,3420,9,0.589,0,9,0,14.7,Referral,56,2876,Purposeful Explorers
RW-01296,41,273000,Mountain West,4,23080,5770,Wellness retreat,6,8,9,6,6,8,4,2,5,5,9,6,6,1.9,4720,10,0.599,0,8,1,23.2,Organic search,70,6395,Restorative Adventurers
RW-01297,38,154000,West Coast,6,34560,5760,Outdoor photography,5,7,4,10,6,3,7,4,6,7,8,3,3,1.0,4920,8,0.13,1,4,1,8.3,Creator partnership,138,1753,Experience Collectors
RW-01298,39,177000,West Coast,11,47520,4320,Hiking & trekking,3,5,5,7,8,4,5,5,8,8,6,4,4,1.4,3350,10,0.45,0,7,2,3.3,Paid search,214,2595,Experience Collectors
RW-01299,30,51000,West Coast,1,730,730,Surf,5,3,6,8,1,4,8,7,8,6,5,7,2,1.1,700,8,0.168,0,6,1,5.8,Organic search,83,287,Budget Social Travelers
RW-01300,31,228000,Northeast,1,3510,3510,National parks,6,10,6,6,6,4,6,1,6,8,8,6,7,1.5,2700,6,0.098,0,6,0,29.7,Marketplace/OTA,191,1392,Restorative Adventurers
RW-01301,25,181000,West Coast,6,14760,2460,Hiking & trekking,6,9,7,6,6,5,4,5,6,7,6,5,4,1.4,2010,10,0.48,0,7,1,25.6,Travel advisor,202,1635,Restorative Adventurers
RW-01302,32,82000,South,5,7500,1500,Hiking & trekking,7,5,5,4,5,4,9,9,9,6,6,8,3,0.7,1220,6,0.063,0,7,2,4.5,Creator partnership,245,283,Budget Social Travelers
RW-01303,48,185000,South,3,8160,2720,Cultural immersion,7,7,10,7,6,3,9,5,6,4,5,6,7,1.6,1960,7,0.179,0,8,1,2.9,Paid search,308,1185,Purposeful Explorers
RW-01304,40,129000,Midwest,3,6780,2260,Wellness retreat,7,9,8,8,9,5,7,3,4,7,8,5,6,1.6,1740,10,0.57,1,7,0,21.8,Referral,47,1885,Restorative Adventurers
RW-01305,39,93000,Northeast,1,2000,2000,Hiking & trekking,5,6,10,10,3,7,4,7,4,5,8,7,6,1.0,1870,8,0.293,1,5,1,17.8,Paid search,264,818,Purposeful Explorers
RW-01306,49,93000,South,3,6300,2100,National parks,3,3,6,4,3,3,5,7,3,6,3,4,5,0.8,1340,6,0.056,0,5,0,0.0,Creator partnership,231,352,Budget Social Travelers
RW-01307,30,61000,West Coast,4,5560,1390,International adventure,4,5,4,7,6,1,10,7,8,9,2,9,5,0.8,910,6,0.098,0,6,0,12.0,Paid search,222,250,Budget Social Travelers
RW-01308,29,77000,West Coast,2,2040,1020,Hiking & trekking,9,7,5,6,3,2,7,5,8,7,8,3,5,0.8,890,7,0.096,0,6,0,8.9,Paid social,321,244,Adventure Purists
RW-01309,54,151000,Mountain West,6,38640,6440,Cultural immersion,5,3,5,7,6,3,2,4,8,6,9,4,4,0.9,5590,10,0.45,1,8,0,18.6,Creator partnership,197,2784,Experience Collectors
RW-01310,39,76000,Northeast,1,1480,1480,National parks,5,6,6,4,5,2,6,10,6,7,2,3,3,1.3,970,6,0.036,0,1,0,5.9,Paid search,203,405,Budget Social Travelers
RW-01311,27,82000,South,1,1360,1360,Camping,8,6,7,4,4,5,3,6,3,5,3,4,5,0.4,870,10,0.495,0,5,1,7.1,Paid search,161,207,Adventure Purists
RW-01312,34,111000,Midwest,1,1070,1070,Wellness retreat,5,2,3,6,3,4,9,8,10,10,2,5,3,0.5,710,4,0.011,0,5,0,0.0,Organic search,112,111,Budget Social Travelers
RW-01313,21,58000,West Coast,1,1340,1340,Camping,5,4,4,3,2,2,10,7,10,8,5,9,2,0.8,910,4,0.015,0,5,0,0.0,Paid social,305,229,Budget Social Travelers
RW-01314,50,188000,Midwest,4,19920,4980,Hiking & trekking,7,4,8,9,6,5,1,4,9,6,6,3,3,1.0,3980,9,0.231,0,8,2,9.0,Marketplace/OTA,421,1604,Experience Collectors
RW-01315,59,149000,Northeast,5,18000,3600,Cultural immersion,5,6,8,8,9,5,6,2,7,5,7,4,4,0.9,2840,7,0.091,0,5,2,21.3,Organic search,77,872,Experience Collectors
RW-01316,27,101000,Mountain West,3,3990,1330,Hiking & trekking,4,4,5,4,6,5,9,10,7,7,4,6,4,1.9,1090,8,0.204,0,6,2,3.2,Creator partnership,157,807,Budget Social Travelers
RW-01317,28,98000,Northeast,2,1840,920,National parks,6,6,5,6,2,5,9,10,8,6,6,7,2,1.5,710,5,0.024,0,6,0,5.5,Paid social,254,338,Budget Social Travelers
RW-01318,64,186000,West Coast,8,34320,4290,Cultural immersion,5,6,5,6,8,8,4,4,7,6,5,6,2,0.6,3080,8,0.152,1,6,1,13.0,Paid social,366,675,Experience Collectors
RW-01319,26,51000,South,3,2370,790,Camping,4,7,8,6,5,2,8,7,7,8,5,10,4,1.1,700,8,0.293,0,8,0,12.0,Organic search,88,337,Purposeful Explorers
RW-01320,46,135000,West Coast,1,2670,2670,International adventure,8,7,10,6,6,7,5,6,6,4,6,9,8,1.2,2460,9,0.603,0,9,1,14.7,Paid social,269,2123,Purposeful Explorers
RW-01321,33,96000,Northeast,3,3750,1250,Backpacking,10,3,8,6,1,7,4,4,3,2,1,3,4,0.9,880,10,0.421,0,6,0,8.1,Paid search,266,418,Adventure Purists
RW-01322,39,82000,Mountain West,4,5040,1260,Surf,8,2,8,3,1,7,4,6,3,1,3,5,8,1.3,910,7,0.188,0,3,0,1.2,Paid search,284,452,Adventure Purists
RW-01323,35,192000,West Coast,3,18120,6040,International adventure,3,4,5,9,6,4,6,4,7,6,5,5,7,0.9,5230,8,0.281,0,5,0,14.6,Creator partnership,211,2026,Experience Collectors
RW-01324,25,165000,South,2,4880,2440,International adventure,6,6,9,10,4,6,4,5,8,8,5,9,7,1.4,1790,8,0.387,1,7,1,15.8,Referral,56,1256,Purposeful Explorers
RW-01325,46,127000,Northeast,5,16350,3270,Surf,7,10,6,6,9,5,7,4,3,4,9,8,7,1.7,3090,9,0.53,1,7,0,14.1,Marketplace/OTA,456,3320,Restorative Adventurers
RW-01326,21,73000,West Coast,4,7160,1790,Cultural immersion,6,6,10,8,3,8,7,5,6,8,4,8,5,0.7,1520,7,0.162,0,7,1,13.1,Paid search,362,394,Purposeful Explorers
RW-01327,46,310000,Mountain West,4,19760,4940,Wellness retreat,6,10,7,5,8,5,7,3,6,7,9,10,8,1.6,4580,10,0.776,1,7,1,27.5,Travel advisor,423,7282,Restorative Adventurers
RW-01328,21,85000,South,3,7200,2400,Surf,4,4,3,3,5,1,7,6,7,8,3,10,5,1.0,1690,5,0.057,0,4,0,4.3,Creator partnership,216,556,Budget Social Travelers
RW-01329,48,119000,Mountain West,8,24480,3060,Wellness retreat,6,9,6,8,7,4,7,4,4,8,9,6,8,1.7,2460,9,0.515,1,5,0,25.3,Paid social,326,2576,Restorative Adventurers
RW-01330,45,112000,Mountain West,5,23600,4720,Outdoor photography,8,5,4,6,6,4,3,2,7,5,5,3,5,1.0,2890,6,0.05,0,5,0,13.1,Paid social,456,943,Experience Collectors
RW-01331,25,109000,Midwest,2,2960,1480,National parks,7,8,7,8,2,7,6,5,5,8,5,8,5,0.9,1280,8,0.281,0,6,1,19.5,Marketplace/OTA,337,496,Purposeful Explorers
RW-01332,35,113000,Midwest,5,10200,2040,Backpacking,7,2,6,5,4,6,4,7,2,1,4,3,4,0.5,1710,9,0.265,1,6,2,0.0,Paid search,214,360,Adventure Purists
RW-01333,41,89000,South,4,5480,1370,Camping,7,3,5,5,1,7,1,7,3,4,3,6,6,0.6,1000,7,0.154,0,6,1,4.1,Paid search,208,220,Adventure Purists
RW-01334,34,94000,West Coast,5,9050,1810,National parks,5,8,3,6,3,1,6,6,6,7,3,4,5,0.3,1170,7,0.107,0,5,0,0.0,Referral,54,122,Budget Social Travelers
RW-01335,56,28000,West Coast,3,3630,1210,Camping,4,7,3,3,5,4,5,9,7,7,2,7,1,0.6,770,7,0.077,0,7,0,0.0,Creator partnership,240,155,Budget Social Travelers
RW-01336,30,115000,Mountain West,4,8880,2220,International adventure,4,4,9,8,6,5,5,6,4,5,4,9,5,1.4,1830,10,0.641,0,7,0,22.4,Creator partnership,265,1973,Purposeful Explorers
RW-01337,33,81000,South,4,9680,2420,International adventure,7,6,7,7,6,4,5,4,9,9,3,4,4,1.1,1740,5,0.024,0,4,0,0.0,Travel advisor,161,608,Experience Collectors
RW-01338,33,114000,West Coast,1,1430,1430,Hiking & trekking,7,3,1,6,5,4,9,6,9,5,1,8,3,1.3,940,6,0.063,0,7,0,4.3,Paid social,273,404,Budget Social Travelers
RW-01339,32,97000,South,7,10430,1490,Cultural immersion,7,6,8,7,5,5,6,5,4,8,7,9,9,1.0,1150,10,0.786,1,8,0,10.9,Creator partnership,216,1166,Purposeful Explorers
RW-01340,29,171000,South,4,12040,3010,National parks,6,8,8,7,5,7,5,3,4,7,10,7,5,1.6,2760,9,0.411,1,6,0,28.7,Referral,42,2297,Restorative Adventurers
RW-01341,37,238000,Mountain West,4,20000,5000,Cultural immersion,7,5,5,10,8,5,6,2,7,7,8,4,5,1.3,4050,5,0.029,0,4,0,7.6,Referral,72,1680,Experience Collectors
RW-01342,42,141000,West Coast,2,5380,2690,National parks,6,5,10,10,3,6,5,6,6,7,6,8,6,0.8,2130,9,0.485,1,8,0,17.0,Organic search,68,998,Purposeful Explorers
RW-01343,36,83000,Northeast,5,8200,1640,Camping,9,5,5,6,2,7,5,7,4,1,2,5,2,0.5,1110,9,0.242,0,5,0,15.1,Creator partnership,209,227,Adventure Purists
RW-01344,34,53000,West Coast,4,4400,1100,National parks,7,5,4,7,5,4,9,10,9,7,7,9,5,1.0,940,9,0.47,1,7,1,8.5,Creator partnership,214,537,Budget Social Travelers
RW-01345,76,60000,Midwest,3,2370,790,National parks,4,5,5,6,6,4,5,7,6,9,5,4,1,0.5,700,6,0.028,0,2,0,0.1,Paid search,300,112,Budget Social Travelers
RW-01346,24,55000,South,2,1820,910,National parks,7,4,2,7,4,5,7,9,7,5,4,9,5,1.2,770,8,0.306,0,9,0,3.9,Paid social,281,411,Budget Social Travelers
RW-01347,32,96000,Midwest,5,6500,1300,Camping,10,4,4,4,2,7,3,3,5,4,4,4,6,1.3,960,6,0.067,0,5,0,7.2,Paid search,243,414,Adventure Purists
RW-01348,41,185000,South,6,28980,4830,Surf,7,6,5,8,7,5,5,4,6,9,8,7,10,1.6,3780,8,0.46,0,8,1,21.2,Referral,72,3401,Experience Collectors
RW-01349,24,57000,West Coast,7,9380,1340,Backpacking,8,3,4,2,2,9,4,9,5,3,4,3,5,0.3,1190,10,0.465,1,7,0,0.0,Marketplace/OTA,284,202,Adventure Purists
RW-01350,38,157000,South,3,13020,4340,National parks,7,3,4,10,6,5,4,4,8,7,5,3,1,1.0,3530,8,0.094,0,5,1,12.0,Organic search,81,1208,Experience Collectors
RW-01351,35,85000,Mountain West,3,6840,2280,Hiking & trekking,8,7,10,7,5,4,5,4,4,5,5,7,7,0.9,1760,8,0.332,1,6,0,21.5,Paid social,441,732,Purposeful Explorers
RW-01352,38,107000,Northeast,1,2220,2220,National parks,5,6,10,7,4,9,6,8,1,5,5,9,4,0.7,2100,10,0.599,1,8,0,8.1,Referral,78,1048,Purposeful Explorers
RW-01353,39,149000,South,5,19750,3950,International adventure,9,9,8,8,5,9,8,2,6,10,9,8,7,1.1,2880,9,0.53,1,9,1,14.3,Referral,47,2002,Restorative Adventurers
RW-01354,40,120000,Northeast,3,12270,4090,Hiking & trekking,5,10,8,10,9,4,5,2,5,9,8,10,7,2.0,3260,10,0.743,1,7,0,27.6,Marketplace/OTA,262,6080,Restorative Adventurers
RW-01355,26,93000,Northeast,1,2650,2650,Cultural immersion,6,6,7,6,3,6,5,5,7,6,8,10,5,0.4,2250,9,0.5,1,9,1,23.1,Paid social,346,541,Purposeful Explorers
RW-01356,34,84000,South,7,21000,3000,Outdoor photography,6,3,6,7,7,4,4,5,6,8,5,3,1,1.0,1990,8,0.094,0,6,0,14.2,Referral,76,681,Experience Collectors
RW-01357,37,93000,Northeast,5,6900,1380,Camping,10,5,6,5,1,5,3,4,3,3,5,4,5,1.2,900,6,0.056,0,4,0,3.9,Paid search,260,355,Adventure Purists
RW-01358,36,117000,Mountain West,5,5250,1050,Camping,9,5,7,6,2,10,1,6,3,3,3,2,5,0.7,720,7,0.086,0,2,1,0.0,Organic search,90,171,Adventure Purists
RW-01359,28,91000,West Coast,1,2230,2230,Surf,8,6,4,5,5,1,7,10,9,9,4,10,4,1.1,1880,5,0.048,0,8,0,0.0,Creator partnership,291,674,Budget Social Travelers
RW-01360,35,115000,West Coast,2,15600,7800,International adventure,5,5,4,8,8,6,5,3,6,8,4,5,3,0.5,5600,6,0.045,0,4,0,2.9,Organic search,69,909,Experience Collectors
RW-01361,26,47000,West Coast,2,1480,740,Surf,6,3,3,6,3,4,9,10,9,9,4,10,3,0.9,700,7,0.147,0,5,0,0.0,Paid social,322,229,Budget Social Travelers
RW-01362,39,128000,Mountain West,4,15720,3930,Wellness retreat,7,9,7,8,4,8,4,3,4,10,10,9,5,1.0,3510,10,0.641,1,8,2,23.5,Referral,51,2703,Restorative Adventurers
RW-01363,26,56000,West Coast,1,820,820,Hiking & trekking,4,6,4,7,3,2,10,6,7,9,7,8,3,1.2,700,8,0.214,0,8,3,16.2,Paid social,434,331,Budget Social Travelers
RW-01364,43,186000,Northeast,3,14610,4870,Cultural immersion,5,6,5,8,7,4,5,4,8,6,6,3,2,1.3,3870,9,0.201,0,5,0,12.5,Paid search,287,1951,Experience Collectors
RW-01365,26,99000,Mountain West,9,16920,1880,Backpacking,10,4,9,6,4,7,1,7,2,2,5,5,7,0.8,1470,6,0.088,0,4,0,2.5,Paid search,247,400,Adventure Purists
RW-01366,40,129000,Mountain West,6,10500,1750,Backpacking,8,7,6,4,3,8,2,7,3,3,2,3,5,0.7,1160,7,0.096,0,5,0,6.5,Paid social,292,279,Adventure Purists
RW-01367,36,139000,Midwest,1,3100,3100,Hiking & trekking,9,4,8,5,7,7,7,2,5,10,9,6,6,1.5,2850,10,0.599,1,6,0,32.8,Paid social,291,3048,Restorative Adventurers
RW-01368,33,133000,Midwest,5,20850,4170,Outdoor photography,5,7,3,10,8,6,4,3,9,7,8,2,3,0.9,3930,8,0.117,0,6,1,6.9,Paid search,278,1242,Experience Collectors
RW-01369,52,123000,Northeast,3,16530,5510,Outdoor photography,9,6,6,8,7,5,6,1,6,6,9,4,4,1.4,4980,10,0.45,0,2,0,16.6,Organic search,66,3858,Restorative Adventurers
RW-01370,21,131000,Northeast,4,9760,2440,Hiking & trekking,7,10,7,7,5,5,6,5,8,7,8,8,8,0.9,2110,9,0.574,0,7,3,22.2,Organic search,78,1297,Restorative Adventurers
RW-01371,36,227000,West Coast,6,26460,4410,Cultural immersion,6,5,8,8,7,4,4,2,8,7,4,4,5,1.6,2930,8,0.195,1,5,2,14.3,Email/CRM,29,1804,Experience Collectors
RW-01372,38,82000,Northeast,1,1350,1350,Wellness retreat,3,2,3,3,3,1,7,9,7,9,5,7,4,0.7,1100,6,0.067,0,5,0,11.3,Referral,82,256,Budget Social Travelers
RW-01373,46,84000,Mountain West,3,3600,1200,Camping,8,3,4,6,3,7,4,4,1,1,3,5,3,0.9,920,7,0.086,0,3,0,0.6,Referral,37,281,Adventure Purists
RW-01374,25,221000,West Coast,1,2450,2450,Hiking & trekking,6,5,8,7,5,5,5,4,7,6,5,7,6,0.5,1880,8,0.293,1,6,0,21.5,Organic search,98,411,Purposeful Explorers
RW-01375,49,85000,West Coast,1,1760,1760,Camping,4,5,6,1,6,4,5,8,9,8,4,4,4,0.3,1110,7,0.091,0,4,2,8.4,Marketplace/OTA,176,114,Budget Social Travelers
RW-01376,69,104000,Midwest,6,28260,4710,National parks,5,6,6,10,6,4,3,5,5,7,6,1,2,1.0,3590,6,0.024,0,2,0,16.5,Paid social,285,1140,Experience Collectors
RW-01377,32,52000,South,2,2160,1080,Surf,7,5,3,7,4,4,10,6,9,7,4,6,1,0.8,770,7,0.069,0,7,0,0.0,Paid social,216,205,Budget Social Travelers
RW-01378,38,85000,Northeast,1,1640,1640,Hiking & trekking,7,6,7,7,3,3,6,5,5,7,5,8,9,1.1,1130,8,0.445,0,9,0,6.5,Paid social,374,682,Purposeful Explorers
RW-01379,32,91000,South,1,1280,1280,International adventure,4,6,6,7,2,3,10,7,10,6,6,7,2,0.9,840,7,0.091,0,5,2,3.4,Creator partnership,228,258,Budget Social Travelers
RW-01380,29,82000,Mountain West,3,3660,1220,Camping,9,5,6,6,2,5,5,4,5,5,6,5,3,0.5,970,8,0.16,0,4,0,0.0,Paid search,281,179,Adventure Purists
RW-01381,28,66000,West Coast,6,7620,1270,Backpacking,10,3,6,7,4,6,4,7,6,1,2,6,5,1.2,930,7,0.132,0,6,0,4.1,Organic search,87,399,Adventure Purists
RW-01382,40,112000,Midwest,6,15000,2500,Hiking & trekking,6,4,7,8,8,8,7,1,7,6,5,4,4,0.7,2130,8,0.168,0,7,0,21.6,Paid search,294,555,Experience Collectors
RW-01383,28,83000,West Coast,6,7740,1290,Backpacking,9,4,5,5,2,6,2,7,1,3,3,5,5,1.2,960,8,0.214,0,6,0,0.0,Organic search,81,454,Adventure Purists
RW-01384,50,98000,South,1,1650,1650,Hiking & trekking,3,7,4,5,4,3,7,6,7,8,4,3,5,0.7,1180,7,0.096,0,3,0,14.0,Marketplace/OTA,411,283,Budget Social Travelers
RW-01385,41,128000,Mountain West,2,2720,1360,Hiking & trekking,4,6,5,5,1,6,8,7,9,6,5,3,1,0.5,970,5,0.013,0,7,0,2.7,Paid search,388,152,Budget Social Travelers
RW-01386,45,155000,Northeast,1,3600,3600,International adventure,4,4,4,9,6,3,4,4,9,5,7,5,4,1.1,2610,9,0.314,0,6,1,15.6,Paid social,273,1294,Experience Collectors
RW-01387,35,58000,Mountain West,3,4680,1560,Hiking & trekking,5,2,5,6,5,5,9,7,6,7,4,8,5,0.6,1180,8,0.281,0,8,0,9.7,Organic search,99,305,Budget Social Travelers
RW-01388,50,252000,Northeast,4,15880,3970,International adventure,6,10,6,6,7,5,8,3,3,9,7,8,7,1.4,3590,6,0.121,0,4,0,23.3,Travel advisor,173,1773,Restorative Adventurers
RW-01389,62,94000,Midwest,1,1680,1680,Wellness retreat,4,8,3,2,2,5,6,8,3,6,5,3,4,0.9,1150,8,0.152,0,4,2,3.2,Marketplace/OTA,322,378,Budget Social Travelers
RW-01390,32,164000,Northeast,7,40950,5850,Hiking & trekking,8,3,5,6,7,5,4,6,9,7,6,5,4,1.2,4660,7,0.102,0,5,0,16.4,Organic search,78,1929,Experience Collectors
RW-01391,71,40000,Midwest,3,4170,1390,Wellness retreat,3,5,5,2,5,5,7,7,6,5,3,5,1,0.4,1120,8,0.117,0,7,2,0.0,Paid social,376,157,Budget Social Travelers
RW-01392,33,133000,West Coast,4,5520,1380,Cultural immersion,6,6,10,7,1,5,6,8,3,6,6,8,4,1.3,1000,9,0.397,0,7,0,21.2,Referral,53,661,Purposeful Explorers
RW-01393,59,170000,West Coast,5,34300,6860,National parks,5,3,4,8,7,3,4,2,7,6,5,7,3,1.0,5350,5,0.029,0,5,0,12.3,Paid social,206,1708,Experience Collectors
RW-01394,54,194000,South,3,10680,3560,International adventure,6,5,5,6,6,7,5,4,10,4,6,6,6,0.9,2750,8,0.269,0,6,1,29.7,Travel advisor,219,1048,Experience Collectors
RW-01395,38,187000,Midwest,4,14880,3720,National parks,7,6,8,8,4,3,7,2,3,6,6,10,5,2.0,2780,3,0.015,0,4,0,9.3,Referral,56,1749,Purposeful Explorers
RW-01396,47,155000,Northeast,2,6360,3180,International adventure,7,5,6,7,6,6,4,2,6,7,5,6,4,1.3,3170,6,0.06,0,5,0,7.1,Paid social,426,1358,Purposeful Explorers
RW-01397,21,178000,South,5,13850,2770,Surf,9,3,6,3,1,8,2,3,5,1,2,6,2,0.5,1950,10,0.421,0,9,0,1.1,Creator partnership,339,515,Adventure Purists
RW-01398,40,83000,Midwest,3,3930,1310,Hiking & trekking,5,8,5,4,2,5,6,5,8,7,3,4,4,0.9,890,6,0.047,0,6,1,0.0,Email/CRM,46,261,Budget Social Travelers
RW-01399,35,66000,West Coast,2,1800,900,National parks,6,3,6,5,1,3,8,7,10,5,3,7,6,0.6,700,8,0.293,1,6,0,0.0,Creator partnership,203,184,Budget Social Travelers
RW-01400,53,104000,Mountain West,6,17040,2840,Surf,10,4,4,5,3,5,5,7,3,2,2,6,5,1.0,1750,7,0.132,1,6,0,0.0,Organic search,89,625,Adventure Purists
RW-01401,31,79000,West Coast,5,3550,710,Backpacking,7,7,6,5,4,6,1,4,4,2,4,5,3,0.7,700,10,0.435,0,5,2,7.2,Paid social,317,265,Adventure Purists
RW-01402,32,170000,West Coast,5,28250,5650,International adventure,6,5,5,9,9,4,4,6,7,8,8,8,6,1.3,4600,10,0.655,0,8,0,8.0,Creator partnership,250,4723,Experience Collectors
RW-01403,66,115000,Midwest,1,1530,1530,Wellness retreat,2,3,2,4,4,3,5,8,4,7,5,1,3,0.3,1030,10,0.323,1,3,0,1.7,Paid search,228,141,Budget Social Travelers
RW-01404,44,165000,Northeast,7,24570,3510,Hiking & trekking,8,8,8,6,8,4,6,2,3,10,10,7,7,1.2,2830,10,0.668,0,8,0,26.9,Organic search,71,2750,Restorative Adventurers
RW-01405,46,133000,South,6,20460,3410,Outdoor photography,6,5,3,8,7,5,4,3,6,10,7,5,3,1.0,2950,7,0.086,0,5,1,19.0,Paid search,279,1001,Experience Collectors
RW-01406,29,140000,Northeast,7,15400,2200,International adventure,6,10,8,5,8,4,5,3,5,8,8,5,7,1.4,1800,7,0.162,1,5,1,20.0,Paid social,426,933,Restorative Adventurers
RW-01407,41,81000,Midwest,5,7550,1510,National parks,4,5,4,6,4,4,4,8,1,7,4,5,4,0.6,1250,8,0.185,0,4,1,0.0,Marketplace/OTA,304,285,Budget Social Travelers
RW-01408,34,148000,Midwest,1,3730,3730,International adventure,6,5,3,8,6,5,5,4,8,6,7,4,5,0.5,2840,10,0.495,0,6,1,17.3,Organic search,90,846,Experience Collectors
RW-01409,43,78000,Mountain West,3,7290,2430,Hiking & trekking,9,8,10,6,4,6,7,4,3,8,7,7,7,1.1,2080,10,0.668,0,7,0,10.7,Referral,48,1853,Purposeful Explorers
RW-01410,28,57000,South,2,3980,1990,Camping,6,7,5,6,5,2,8,7,8,10,6,6,2,0.3,1800,6,0.042,0,7,0,0.0,Organic search,74,175,Budget Social Travelers
RW-01411,54,108000,Mountain West,2,6340,3170,International adventure,6,7,9,10,3,1,4,6,4,6,7,8,8,0.7,2240,6,0.142,0,7,0,17.3,Referral,56,566,Purposeful Explorers
RW-01412,36,83000,Northeast,1,1290,1290,Wellness retreat,3,4,4,5,5,3,6,8,5,8,5,6,3,0.3,1140,8,0.177,0,6,0,0.0,Marketplace/OTA,375,129,Budget Social Travelers
RW-01413,38,77000,Northeast,4,12080,3020,Hiking & trekking,7,6,6,8,3,7,8,6,2,6,7,8,7,1.1,2330,7,0.218,0,6,1,19.4,Paid search,369,1015,Purposeful Explorers
RW-01414,45,67000,South,2,2140,1070,Hiking & trekking,3,7,4,6,5,2,6,9,5,7,3,1,4,0.4,800,8,0.123,0,5,0,2.1,Marketplace/OTA,192,113,Budget Social Travelers
RW-01415,57,150000,South,6,32460,5410,International adventure,5,5,3,7,7,4,1,5,3,6,2,5,4,1.3,4050,4,0.014,0,2,0,14.9,Paid social,268,1655,Experience Collectors
RW-01416,56,55000,South,4,5760,1440,Outdoor photography,9,3,7,9,2,4,6,5,4,6,9,6,7,1.3,1020,6,0.098,0,5,1,14.6,Paid search,352,456,Purposeful Explorers
RW-01417,46,104000,West Coast,3,3960,1320,Camping,3,4,6,4,5,3,7,7,5,8,6,8,4,1.1,1040,8,0.246,1,6,0,0.0,Creator partnership,202,470,Budget Social Travelers
RW-01418,38,55000,Northeast,4,3440,860,Hiking & trekking,4,3,4,7,3,3,8,8,9,7,4,5,1,1.2,700,7,0.062,0,4,0,14.4,Organic search,102,278,Budget Social Travelers
RW-01419,42,82000,West Coast,4,6480,1620,Hiking & trekking,7,6,9,9,3,3,5,4,5,6,4,6,5,1.5,1400,7,0.132,1,1,0,11.0,Organic search,98,750,Purposeful Explorers
RW-01420,57,106000,Midwest,3,4020,1340,National parks,3,4,6,5,7,4,7,5,6,7,3,5,2,1.6,890,5,0.019,0,5,1,12.6,Paid search,321,450,Budget Social Travelers
RW-01421,25,46000,South,2,1500,750,National parks,6,5,7,3,2,1,8,10,10,8,5,8,2,1.3,700,10,0.48,0,10,0,14.1,Paid search,211,529,Budget Social Travelers
RW-01422,27,69000,West Coast,3,4440,1480,Hiking & trekking,9,5,7,6,2,7,6,7,3,7,4,5,5,0.8,920,9,0.354,0,8,1,0.0,Paid search,323,351,Adventure Purists
RW-01423,25,57000,West Coast,2,3520,1760,Camping,8,4,8,3,4,8,6,6,6,3,3,4,3,1.3,1200,10,0.406,0,8,1,8.8,Organic search,144,805,Adventure Purists
RW-01424,45,171000,Northeast,2,6880,3440,Surf,7,9,6,6,7,5,8,3,5,7,9,6,5,1.5,3510,8,0.235,0,6,0,19.7,Organic search,84,2132,Restorative Adventurers
RW-01425,37,204000,Northeast,7,42560,6080,Wellness retreat,6,7,6,7,8,6,3,3,4,9,10,8,7,1.1,4370,10,0.694,1,7,0,23.0,Creator partnership,217,4088,Restorative Adventurers
RW-01426,32,73000,West Coast,5,5850,1170,Camping,8,2,6,5,1,8,6,6,4,2,3,3,4,0.6,900,7,0.082,0,1,0,8.9,Marketplace/OTA,320,182,Adventure Purists
RW-01427,51,155000,West Coast,7,25690,3670,Cultural immersion,5,4,6,8,7,6,7,4,7,5,6,3,3,0.8,3210,8,0.13,0,4,0,16.9,Creator partnership,315,915,Experience Collectors
RW-01428,45,186000,West Coast,2,5980,2990,Cultural immersion,5,5,8,9,10,5,4,2,6,7,9,4,5,1.2,2450,10,0.495,1,6,1,1.9,Marketplace/OTA,503,1751,Experience Collectors
RW-01429,45,87000,South,3,3660,1220,International adventure,3,7,10,10,3,5,5,5,6,4,6,9,4,1.4,990,7,0.154,0,5,0,12.4,Referral,76,508,Purposeful Explorers
RW-01430,29,121000,Midwest,6,13680,2280,Backpacking,10,3,7,6,4,6,4,6,5,2,2,6,3,1.1,1820,5,0.026,0,3,1,1.6,Paid search,163,637,Adventure Purists
RW-01431,46,70000,South,1,1260,1260,National parks,4,7,4,7,3,3,7,8,5,7,5,6,3,0.3,950,7,0.096,0,8,0,2.7,Email/CRM,41,98,Budget Social Travelers
RW-01432,30,45000,West Coast,4,3440,860,National parks,5,5,5,5,3,5,8,9,8,6,5,8,4,0.5,700,8,0.246,1,5,1,0.0,Referral,71,144,Budget Social Travelers
RW-01433,22,173000,Midwest,11,33990,3090,International adventure,8,3,7,10,7,5,5,3,9,7,8,3,3,1.2,2610,6,0.036,0,5,0,23.1,Paid search,297,1007,Experience Collectors
RW-01434,35,147000,Midwest,4,16080,4020,Cultural immersion,5,5,2,5,6,4,3,4,8,5,3,5,1,0.4,2680,7,0.062,0,4,0,11.6,Marketplace/OTA,573,354,Experience Collectors
RW-01435,50,112000,Northeast,9,22230,2470,Cultural immersion,4,5,7,7,9,5,4,3,6,6,6,3,1,1.1,1750,7,0.049,0,6,0,21.1,Paid search,240,628,Experience Collectors
RW-01436,55,94000,Midwest,1,1260,1260,National parks,1,7,6,3,5,3,9,9,6,7,3,1,3,0.5,860,8,0.105,0,5,0,0.0,Paid search,333,149,Budget Social Travelers
RW-01437,38,148000,South,6,27300,4550,Hiking & trekking,4,10,7,6,6,3,5,4,6,6,10,9,9,1.4,3890,9,0.646,1,6,0,17.3,Paid social,189,4230,Restorative Adventurers
RW-01438,48,83000,Mountain West,5,12900,2580,Camping,8,2,5,5,5,5,3,8,1,1,2,5,6,1.0,2270,6,0.074,0,3,0,0.0,Paid search,318,760,Adventure Purists
RW-01439,49,89000,Midwest,1,1500,1500,Wellness retreat,4,6,5,4,5,3,5,8,5,8,2,3,5,0.3,1060,6,0.05,0,5,1,0.0,Paid search,207,104,Budget Social Travelers
RW-01440,62,79000,West Coast,2,4380,2190,Camping,4,5,4,2,5,4,6,6,5,6,3,3,4,0.5,1720,7,0.082,1,6,0,4.9,Marketplace/OTA,249,290,Budget Social Travelers
RW-01441,35,220000,South,3,15210,5070,Wellness retreat,7,7,6,5,7,9,4,3,7,7,10,7,8,1.9,4050,7,0.228,0,6,0,22.2,Organic search,108,3088,Restorative Adventurers
RW-01442,55,148000,Northeast,1,3350,3350,Wellness retreat,5,4,6,9,4,5,4,1,7,4,4,3,6,1.3,2800,7,0.113,0,6,0,3.0,Referral,44,1272,Experience Collectors
RW-01443,54,144000,Northeast,3,8460,2820,Cultural immersion,7,5,3,8,7,5,7,3,8,8,8,5,6,1.3,2260,8,0.246,1,7,0,15.1,Creator partnership,176,1207,Experience Collectors
RW-01444,30,154000,Northeast,10,76800,7680,Cultural immersion,6,4,5,9,10,4,4,1,7,5,6,4,6,1.1,4640,6,0.067,0,5,1,11.8,Paid social,312,1695,Experience Collectors
RW-01445,47,294000,West Coast,7,68740,9820,Outdoor photography,6,4,7,9,7,7,6,5,7,6,5,1,4,0.4,9000,7,0.065,0,5,0,15.4,Organic search,152,1194,Experience Collectors
RW-01446,21,90000,Mountain West,1,1090,1090,Hiking & trekking,7,5,4,5,5,5,9,7,9,5,5,8,3,1.1,900,8,0.214,0,6,0,7.9,Paid social,357,390,Budget Social Travelers
RW-01447,53,91000,South,2,3140,1570,Camping,2,4,6,6,6,5,5,7,6,8,4,5,3,0.5,1180,8,0.16,0,7,0,0.0,Travel advisor,169,218,Budget Social Travelers
RW-01448,24,70000,Mountain West,4,3760,940,Backpacking,6,4,6,5,3,8,4,6,3,3,1,5,5,0.7,700,6,0.063,1,5,0,4.0,Organic search,68,162,Adventure Purists
RW-01449,29,92000,South,4,7160,1790,Hiking & trekking,8,6,6,6,4,3,7,8,10,4,8,9,1,0.9,1570,8,0.177,1,7,1,5.4,Email/CRM,37,532,Purposeful Explorers
RW-01450,53,123000,West Coast,5,13350,2670,Hiking & trekking,5,3,6,8,5,3,4,4,4,5,6,2,2,1.5,1970,8,0.1,0,7,0,14.7,Paid social,308,1018,Experience Collectors
RW-01451,49,89000,Midwest,3,5010,1670,International adventure,5,6,6,9,5,5,9,5,4,5,5,9,5,1.3,1340,9,0.47,1,8,1,11.7,Paid social,301,996,Purposeful Explorers
RW-01452,39,107000,South,6,6180,1030,Camping,4,5,5,6,2,4,7,4,8,7,4,9,6,1.2,810,7,0.208,1,7,0,5.1,Email/CRM,38,380,Purposeful Explorers
RW-01453,45,95000,Mountain West,2,4240,2120,Hiking & trekking,5,6,9,8,5,5,9,7,3,9,9,7,5,1.1,1640,10,0.584,0,5,1,17.4,Email/CRM,30,1253,Purposeful Explorers
RW-01454,64,83000,Mountain West,1,1510,1510,Wellness retreat,4,6,2,6,4,3,7,8,4,8,6,3,4,0.3,1210,8,0.152,0,4,2,3.3,Referral,42,133,Budget Social Travelers
RW-01455,45,110000,Mountain West,3,11190,3730,International adventure,5,8,9,4,8,5,2,2,5,7,8,7,7,0.9,3110,7,0.198,0,7,1,36.0,Paid social,278,1081,Restorative Adventurers
RW-01456,29,166000,West Coast,4,18000,4500,International adventure,6,6,3,8,6,5,4,2,7,6,2,2,3,1.2,3110,7,0.062,0,4,0,16.6,Creator partnership,169,1233,Experience Collectors
RW-01457,35,240000,West Coast,3,20310,6770,Wellness retreat,7,8,8,9,7,6,7,1,6,9,10,8,9,1.1,5800,7,0.285,0,8,0,31.5,Organic search,113,2761,Restorative Adventurers
RW-01458,21,72000,Mountain West,5,6800,1360,Hiking & trekking,9,4,8,8,2,9,4,5,5,5,5,4,6,0.9,970,5,0.034,0,1,1,3.1,Marketplace/OTA,186,280,Adventure Purists
RW-01459,38,117000,Midwest,2,3240,1620,National parks,2,5,4,6,5,2,5,5,7,8,3,3,5,1.2,1130,7,0.096,0,3,0,3.8,Paid social,406,465,Budget Social Travelers
RW-01460,32,165000,Northeast,4,11240,2810,Surf,9,7,7,7,6,5,5,3,5,9,9,4,5,1.7,2610,10,0.495,0,5,0,25.4,Paid search,296,2643,Restorative Adventurers
RW-01461,30,105000,West Coast,5,6050,1210,Outdoor photography,7,6,8,6,3,7,8,6,2,4,6,10,7,1.4,1090,10,0.743,0,8,1,10.8,Paid search,274,1423,Purposeful Explorers
RW-01462,46,48000,Northeast,2,2220,1110,Surf,6,5,5,8,4,6,10,5,9,7,4,10,3,0.7,830,7,0.147,1,9,0,0.0,Paid social,335,211,Purposeful Explorers
RW-01463,44,204000,South,2,7860,3930,International adventure,5,6,6,8,9,4,4,3,6,6,4,3,4,0.7,3470,6,0.042,0,3,0,7.2,Organic search,68,786,Experience Collectors
RW-01464,50,162000,Northeast,4,11480,2870,National parks,10,9,6,5,6,5,7,4,5,10,9,6,5,1.4,2570,10,0.555,1,5,0,32.1,Paid social,287,2374,Restorative Adventurers
RW-01465,28,67000,Northeast,2,1940,970,Hiking & trekking,8,7,5,6,4,5,7,9,10,8,5,7,2,0.8,820,8,0.168,0,7,0,16.6,Email/CRM,61,244,Budget Social Travelers
RW-01466,31,157000,Mountain West,2,2520,1260,National parks,6,5,6,4,4,2,8,8,9,7,3,8,4,0.4,980,8,0.246,0,9,0,0.0,Paid social,360,161,Budget Social Travelers
RW-01467,40,117000,West Coast,9,24210,2690,Surf,8,3,4,4,2,7,2,7,2,3,5,7,8,0.9,2210,3,0.018,0,3,1,0.0,Paid social,504,628,Adventure Purists
RW-01468,40,132000,Northeast,4,21000,5250,National parks,7,10,8,7,8,5,6,3,3,7,10,10,9,1.5,4080,7,0.336,1,6,1,18.7,Creator partnership,138,2846,Restorative Adventurers
RW-01469,33,65000,Northeast,5,8300,1660,Surf,5,5,2,5,3,3,9,8,9,7,2,8,3,0.6,920,10,0.525,0,9,0,4.9,Referral,47,346,Budget Social Travelers
RW-01470,46,150000,West Coast,3,12180,4060,Cultural immersion,5,5,2,10,8,7,6,1,7,6,6,5,2,0.8,3210,9,0.242,0,4,0,14.9,Email/CRM,53,1050,Experience Collectors
RW-01471,45,97000,Midwest,3,6300,2100,Camping,4,7,3,4,3,4,7,9,8,8,4,5,4,1.0,1700,7,0.102,0,5,0,1.4,Organic search,73,587,Budget Social Travelers
RW-01472,41,306000,West Coast,6,51540,8590,International adventure,7,7,5,7,6,3,2,1,6,7,7,4,6,1.2,6980,9,0.368,0,8,0,14.1,Paid search,366,4082,Experience Collectors
RW-01473,27,128000,Northeast,8,26800,3350,Hiking & trekking,7,4,7,8,6,3,3,5,7,9,3,5,7,1.3,2150,6,0.088,0,7,0,15.0,Marketplace/OTA,266,950,Experience Collectors
RW-01474,34,93000,South,4,4760,1190,Hiking & trekking,10,6,5,7,5,5,2,9,5,4,3,4,4,0.4,1040,9,0.289,1,7,2,12.3,Creator partnership,304,181,Adventure Purists
RW-01475,33,78000,Midwest,3,4140,1380,Hiking & trekking,10,5,8,6,3,6,3,7,1,2,4,3,6,0.6,1210,4,0.015,0,1,0,6.7,Referral,48,229,Adventure Purists
RW-01476,40,86000,West Coast,6,9120,1520,Camping,6,3,6,5,6,8,2,6,3,3,5,4,3,0.4,1060,8,0.144,0,6,1,0.4,Paid search,228,154,Experience Collectors
RW-01477,36,192000,West Coast,2,5260,2630,Backpacking,8,4,6,5,3,7,5,4,3,3,4,7,6,0.7,1960,10,0.627,1,8,3,0.0,Creator partnership,219,1030,Adventure Purists
RW-01478,47,109000,South,2,5100,2550,National parks,2,8,4,2,4,5,5,8,4,8,7,6,2,0.3,2190,7,0.082,0,3,0,9.8,Paid social,280,222,Budget Social Travelers
RW-01479,35,140000,Northeast,6,13860,2310,Hiking & trekking,9,2,6,5,2,9,2,4,3,2,5,3,3,1.3,1960,6,0.036,0,2,0,3.7,Organic search,68,819,Adventure Purists
RW-01480,22,152000,West Coast,2,3560,1780,Backpacking,7,3,6,5,2,8,3,6,5,3,2,3,4,1.0,1380,8,0.152,0,3,0,0.0,Paid search,276,504,Adventure Purists
RW-01481,21,54000,West Coast,2,2540,1270,Backpacking,10,2,8,4,3,7,5,6,5,4,3,9,5,0.3,990,6,0.098,1,5,0,2.8,Paid search,238,102,Adventure Purists
RW-01482,41,161000,West Coast,6,22920,3820,National parks,4,9,5,9,6,3,2,7,5,8,5,5,4,0.9,2480,6,0.053,0,3,1,16.3,Paid social,206,731,Experience Collectors
RW-01483,41,60000,Mountain West,2,3900,1950,Hiking & trekking,7,6,4,5,4,1,7,7,7,8,5,8,4,0.9,1480,9,0.397,1,5,0,0.5,Creator partnership,188,678,Budget Social Travelers
RW-01484,40,111000,Midwest,3,9480,3160,Hiking & trekking,8,10,6,10,5,5,6,6,4,7,8,7,8,1.8,2520,10,0.707,0,8,2,36.1,Paid search,491,3950,Restorative Adventurers
RW-01485,23,72000,West Coast,2,4000,2000,Surf,5,6,6,6,5,4,10,6,9,5,6,6,3,1.0,1770,9,0.302,0,8,2,11.2,Paid social,248,784,Budget Social Travelers
RW-01486,41,112000,West Coast,5,15350,3070,Cultural immersion,4,4,4,10,8,5,3,5,7,8,7,6,4,1.4,2490,6,0.06,0,4,1,12.9,Referral,45,1149,Experience Collectors
RW-01487,38,61000,West Coast,3,3630,1210,Wellness retreat,7,5,4,4,5,4,7,7,6,7,2,4,4,0.9,700,8,0.168,0,4,1,9.7,Paid social,433,235,Budget Social Travelers
RW-01488,29,91000,Northeast,4,3320,830,Backpacking,10,3,7,4,1,4,5,6,4,4,3,6,5,0.7,700,8,0.235,0,2,1,0.0,Paid search,258,198,Adventure Purists
RW-01489,49,72000,West Coast,4,6240,1560,Cultural immersion,6,6,7,8,5,6,6,8,2,6,3,5,4,0.7,1320,8,0.185,0,6,0,7.7,Paid social,324,352,Budget Social Travelers
RW-01490,25,77000,Northeast,6,12000,2000,Backpacking,9,3,6,5,2,6,3,8,6,3,4,3,2,0.9,1600,5,0.015,0,3,0,0.0,Paid search,201,453,Adventure Purists
RW-01491,43,130000,Northeast,3,18150,6050,Hiking & trekking,6,5,6,8,9,3,3,3,8,9,4,5,2,0.5,4750,8,0.137,0,6,1,5.9,Paid search,438,853,Experience Collectors
RW-01492,34,118000,Midwest,2,4640,2320,National parks,8,8,8,9,4,6,6,5,6,6,7,6,7,0.4,1930,8,0.306,0,6,0,5.1,Referral,71,344,Purposeful Explorers
RW-01493,45,85000,Mountain West,3,2940,980,Surf,8,4,5,4,5,5,7,9,8,8,5,6,4,0.3,700,9,0.341,0,7,1,7.9,Paid social,206,98,Budget Social Travelers
RW-01494,41,155000,West Coast,4,12720,3180,Cultural immersion,7,7,9,8,3,5,8,5,5,7,6,7,6,1.8,2430,9,0.455,0,4,0,10.4,Paid search,324,2440,Purposeful Explorers
RW-01495,37,113000,West Coast,3,4170,1390,Backpacking,8,1,8,5,2,6,4,6,3,4,1,3,3,1.1,1050,7,0.069,0,4,0,0.7,Creator partnership,258,385,Adventure Purists
RW-01496,27,85000,Northeast,3,3060,1020,National parks,5,5,3,5,5,5,9,8,8,6,5,8,5,0.7,700,7,0.162,0,6,1,0.0,Creator partnership,157,181,Budget Social Travelers
RW-01497,39,161000,West Coast,2,4340,2170,Cultural immersion,7,4,8,8,4,6,5,2,5,7,7,8,5,1.1,1900,7,0.162,0,5,0,15.7,Organic search,109,773,Purposeful Explorers
RW-01498,22,59000,Mountain West,2,4780,2390,Surf,5,6,1,8,6,4,7,8,7,8,4,5,2,1.0,1780,6,0.038,0,8,0,0.0,Paid search,294,573,Budget Social Travelers
RW-01499,47,97000,West Coast,8,19840,2480,Wellness retreat,8,9,6,7,5,5,5,4,3,9,9,5,6,1.1,2170,10,0.57,1,6,1,20.0,Paid search,348,1616,Restorative Adventurers
RW-01500,27,60000,Northeast,1,1160,1160,Hiking & trekking,7,4,7,6,4,3,9,8,10,8,5,7,3,1.4,950,6,0.056,0,7,0,0.0,Paid search,392,437,Budget Social Travelers
